timestamp,value,item_id,domain,metric_type,freq
2024-12-22 19:13:00,3.0422515869140625,ds_0_T,Networking,count,T
2024-12-22 19:14:00,1.8803231716156006,ds_0_T,Networking,count,T
2024-12-22 19:15:00,2.752650499343872,ds_0_T,Networking,count,T
2024-12-22 19:16:00,2.3231987953186035,ds_0_T,Networking,count,T
2024-12-22 19:17:00,2.8033483028411865,ds_0_T,Networking,count,T
2024-12-22 19:18:00,2.0778183937072754,ds_0_T,Networking,count,T
2024-12-22 19:19:00,0.9481176733970642,ds_0_T,Networking,count,T
2024-12-22 19:20:00,3.2246885299682617,ds_0_T,Networking,count,T
2024-12-22 19:21:00,1.849324107170105,ds_0_T,Networking,count,T
2024-12-22 19:22:00,3.769028902053833,ds_0_T,Networking,count,T
2024-12-22 19:23:00,3.08449125289917,ds_0_T,Networking,count,T
2024-12-22 19:24:00,1.5041028261184692,ds_0_T,Networking,count,T
2024-12-22 19:25:00,2.9320154190063477,ds_0_T,Networking,count,T
2024-12-22 19:26:00,2.734144449234009,ds_0_T,Networking,count,T
2024-12-22 19:27:00,2.687753438949585,ds_0_T,Networking,count,T
2024-12-22 19:28:00,2.1483378410339355,ds_0_T,Networking,count,T
2024-12-22 19:29:00,3.8134093284606934,ds_0_T,Networking,count,T
2024-12-22 19:30:00,2.403135061264038,ds_0_T,Networking,count,T
2024-12-22 19:31:00,1.6716479063034058,ds_0_T,Networking,count,T
2024-12-22 19:32:00,2.765127658843994,ds_0_T,Networking,count,T
2024-12-22 19:33:00,1.4128198623657227,ds_0_T,Networking,count,T
2024-12-22 19:34:00,2.1942086219787598,ds_0_T,Networking,count,T
2024-12-22 19:35:00,3.646698236465454,ds_0_T,Networking,count,T
2024-12-22 19:36:00,2.0780792236328125,ds_0_T,Networking,count,T
2024-12-22 19:37:00,4.393077373504639,ds_0_T,Networking,count,T
2024-12-22 19:38:00,1.618553638458252,ds_0_T,Networking,count,T
2024-12-22 19:39:00,1.875753402709961,ds_0_T,Networking,count,T
2024-12-22 19:40:00,3.0853018760681152,ds_0_T,Networking,count,T
2024-12-22 19:41:00,1.2922306060791016,ds_0_T,Networking,count,T
2024-12-22 19:42:00,2.291414499282837,ds_0_T,Networking,count,T
2024-12-22 19:43:00,1.6862924098968506,ds_0_T,Networking,count,T
2024-12-22 19:44:00,1.7804479598999023,ds_0_T,Networking,count,T
2024-12-22 19:45:00,2.298156499862671,ds_0_T,Networking,count,T
2024-12-22 19:46:00,1.9528319835662842,ds_0_T,Networking,count,T
2024-12-22 19:47:00,2.2260780334472656,ds_0_T,Networking,count,T
2024-12-22 19:48:00,1.6986112594604492,ds_0_T,Networking,count,T
2024-12-22 19:49:00,2.3746144771575928,ds_0_T,Networking,count,T
2024-12-22 19:50:00,2.85288667678833,ds_0_T,Networking,count,T
2024-12-22 19:51:00,1.4900473356246948,ds_0_T,Networking,count,T
2024-12-22 19:52:00,3.668179988861084,ds_0_T,Networking,count,T
2024-12-22 19:53:00,2.2209277153015137,ds_0_T,Networking,count,T
2024-12-22 19:54:00,2.3840625286102295,ds_0_T,Networking,count,T
2024-12-22 19:55:00,1.9650228023529053,ds_0_T,Networking,count,T
2024-12-22 19:56:00,1.3595329523086548,ds_0_T,Networking,count,T
2024-12-22 19:57:00,2.7542967796325684,ds_0_T,Networking,count,T
2024-12-22 19:58:00,2.0911855697631836,ds_0_T,Networking,count,T
2024-12-22 19:59:00,2.0603978633880615,ds_0_T,Networking,count,T
2024-12-22 20:00:00,2.5994303226470947,ds_0_T,Networking,count,T
2024-12-22 20:01:00,2.4231057167053223,ds_0_T,Networking,count,T
2024-12-22 20:02:00,2.2897706031799316,ds_0_T,Networking,count,T
2024-12-22 20:03:00,1.7149335145950317,ds_0_T,Networking,count,T
2024-12-22 20:04:00,2.0361487865448,ds_0_T,Networking,count,T
2024-12-22 20:05:00,2.459526777267456,ds_0_T,Networking,count,T
2024-12-22 20:06:00,1.2583391666412354,ds_0_T,Networking,count,T
2024-12-22 20:07:00,3.933523416519165,ds_0_T,Networking,count,T
2024-12-22 20:08:00,1.7941027879714966,ds_0_T,Networking,count,T
2024-12-22 20:09:00,3.016061782836914,ds_0_T,Networking,count,T
2024-12-22 20:10:00,2.77748441696167,ds_0_T,Networking,count,T
2024-12-22 20:11:00,2.5008394718170166,ds_0_T,Networking,count,T
2024-12-22 20:12:00,3.0822510719299316,ds_0_T,Networking,count,T
2024-12-22 20:13:00,1.565273404121399,ds_0_T,Networking,count,T
2024-12-22 20:14:00,2.95782470703125,ds_0_T,Networking,count,T
2024-12-22 20:15:00,2.351728916168213,ds_0_T,Networking,count,T
2024-12-22 20:16:00,2.4754254817962646,ds_0_T,Networking,count,T
2024-12-22 20:17:00,2.57096004486084,ds_0_T,Networking,count,T
2024-12-22 20:18:00,1.1021896600723267,ds_0_T,Networking,count,T
2024-12-22 20:19:00,1.5543972253799438,ds_0_T,Networking,count,T
2024-12-22 20:20:00,2.7690088748931885,ds_0_T,Networking,count,T
2024-12-22 20:21:00,2.250692129135132,ds_0_T,Networking,count,T
2024-12-22 20:22:00,2.9585211277008057,ds_0_T,Networking,count,T
2024-12-22 20:23:00,2.630542039871216,ds_0_T,Networking,count,T
2024-12-22 20:24:00,2.315380096435547,ds_0_T,Networking,count,T
2024-12-22 20:25:00,2.3251030445098877,ds_0_T,Networking,count,T
2024-12-22 20:26:00,1.9170737266540527,ds_0_T,Networking,count,T
2024-12-22 20:27:00,2.4270734786987305,ds_0_T,Networking,count,T
2024-12-22 20:28:00,3.263291835784912,ds_0_T,Networking,count,T
2024-12-22 20:29:00,3.1875064373016357,ds_0_T,Networking,count,T
2024-12-22 20:30:00,2.5293431282043457,ds_0_T,Networking,count,T
2024-12-22 20:31:00,3.0524840354919434,ds_0_T,Networking,count,T
2024-12-22 20:32:00,3.52407169342041,ds_0_T,Networking,count,T
2024-12-22 20:33:00,1.5340763330459595,ds_0_T,Networking,count,T
2024-12-22 20:34:00,1.3692669868469238,ds_0_T,Networking,count,T
2024-12-22 20:35:00,2.9280223846435547,ds_0_T,Networking,count,T
2024-12-22 20:36:00,2.6979877948760986,ds_0_T,Networking,count,T
2024-12-22 20:37:00,3.3418593406677246,ds_0_T,Networking,count,T
2024-12-22 20:38:00,1.9905564785003662,ds_0_T,Networking,count,T
2024-12-22 20:39:00,2.9393959045410156,ds_0_T,Networking,count,T
2024-12-22 20:40:00,3.1249706745147705,ds_0_T,Networking,count,T
2024-12-22 20:41:00,1.79926598072052,ds_0_T,Networking,count,T
2024-12-22 20:42:00,2.4500572681427,ds_0_T,Networking,count,T
2024-12-22 20:43:00,1.6812007427215576,ds_0_T,Networking,count,T
2024-12-22 20:44:00,2.680269956588745,ds_0_T,Networking,count,T
2024-12-22 20:45:00,1.9910160303115845,ds_0_T,Networking,count,T
2024-12-22 20:46:00,2.243605375289917,ds_0_T,Networking,count,T
2024-12-22 20:47:00,1.8542653322219849,ds_0_T,Networking,count,T
2024-12-22 20:48:00,1.8303358554840088,ds_0_T,Networking,count,T
2024-12-22 20:49:00,1.7752588987350464,ds_0_T,Networking,count,T
2024-12-22 20:50:00,2.8955864906311035,ds_0_T,Networking,count,T
2024-12-22 20:51:00,1.4880250692367554,ds_0_T,Networking,count,T
2024-12-22 20:52:00,2.4929678440093994,ds_0_T,Networking,count,T
2024-12-22 20:53:00,3.0614864826202393,ds_0_T,Networking,count,T
2024-12-22 20:54:00,2.2287726402282715,ds_0_T,Networking,count,T
2024-12-22 20:55:00,2.631120443344116,ds_0_T,Networking,count,T
2024-12-22 20:56:00,2.010236978530884,ds_0_T,Networking,count,T
2024-12-22 20:57:00,1.5121569633483887,ds_0_T,Networking,count,T
2024-12-22 20:58:00,1.802046298980713,ds_0_T,Networking,count,T
2024-12-22 20:59:00,2.681893825531006,ds_0_T,Networking,count,T
2024-12-22 21:00:00,2.1589863300323486,ds_0_T,Networking,count,T
2024-12-22 21:01:00,2.2119622230529785,ds_0_T,Networking,count,T
2024-12-22 21:02:00,2.0632152557373047,ds_0_T,Networking,count,T
2024-12-22 21:03:00,2.0690178871154785,ds_0_T,Networking,count,T
2024-12-22 21:04:00,1.9650228023529053,ds_0_T,Networking,count,T
2024-12-22 21:05:00,2.671729564666748,ds_0_T,Networking,count,T
2024-12-22 21:06:00,3.241565465927124,ds_0_T,Networking,count,T
2024-12-22 21:07:00,2.9074642658233643,ds_0_T,Networking,count,T
2024-12-22 21:08:00,1.648934245109558,ds_0_T,Networking,count,T
2024-12-22 21:09:00,2.6651132106781006,ds_0_T,Networking,count,T
2024-12-22 21:10:00,3.4485855102539062,ds_0_T,Networking,count,T
2024-12-22 21:11:00,2.951808214187622,ds_0_T,Networking,count,T
2024-12-22 21:12:00,2.660240650177002,ds_0_T,Networking,count,T
2024-12-22 21:13:00,1.9095466136932373,ds_0_T,Networking,count,T
2024-12-22 21:14:00,3.4032185077667236,ds_0_T,Networking,count,T
2024-12-22 21:15:00,1.983885407447815,ds_0_T,Networking,count,T
2024-12-22 21:16:00,2.2852866649627686,ds_0_T,Networking,count,T
2024-12-22 21:17:00,2.2179815769195557,ds_0_T,Networking,count,T
2024-12-22 21:18:00,2.0026557445526123,ds_0_T,Networking,count,T
2024-12-22 21:19:00,2.4323017597198486,ds_0_T,Networking,count,T
2024-12-22 21:20:00,2.589601993560791,ds_0_T,Networking,count,T
2024-12-22 21:21:00,1.9873920679092407,ds_0_T,Networking,count,T
2024-12-22 21:22:00,3.6817362308502197,ds_0_T,Networking,count,T
2024-12-22 21:23:00,2.823814630508423,ds_0_T,Networking,count,T
2024-12-22 21:24:00,1.942264437675476,ds_0_T,Networking,count,T
2024-12-22 21:25:00,3.7282891273498535,ds_0_T,Networking,count,T
2024-12-22 21:26:00,1.7279078960418701,ds_0_T,Networking,count,T
2024-12-22 21:27:00,2.0098612308502197,ds_0_T,Networking,count,T
2024-12-22 21:28:00,2.7538516521453857,ds_0_T,Networking,count,T
2024-12-22 21:29:00,3.533221483230591,ds_0_T,Networking,count,T
2024-12-22 21:30:00,2.302260160446167,ds_0_T,Networking,count,T
2024-12-22 21:31:00,2.7658445835113525,ds_0_T,Networking,count,T
2024-12-22 21:32:00,2.693664073944092,ds_0_T,Networking,count,T
2024-12-22 21:33:00,1.2292604446411133,ds_0_T,Networking,count,T
2024-12-22 21:34:00,1.9591871500015259,ds_0_T,Networking,count,T
2024-12-22 21:35:00,3.3834948539733887,ds_0_T,Networking,count,T
2024-12-22 21:36:00,1.8634593486785889,ds_0_T,Networking,count,T
2024-12-22 21:37:00,2.941638469696045,ds_0_T,Networking,count,T
2024-12-22 21:38:00,3.850856065750122,ds_0_T,Networking,count,T
2024-12-22 21:39:00,3.128227710723877,ds_0_T,Networking,count,T
2024-12-22 21:40:00,2.935365915298462,ds_0_T,Networking,count,T
2024-12-22 21:41:00,1.9191066026687622,ds_0_T,Networking,count,T
2024-12-22 21:42:00,2.834916114807129,ds_0_T,Networking,count,T
2024-12-22 21:43:00,5.014490604400635,ds_0_T,Networking,count,T
2024-12-22 21:44:00,4.436473846435547,ds_0_T,Networking,count,T
2024-12-22 21:45:00,2.4762041568756104,ds_0_T,Networking,count,T
2024-12-22 21:46:00,2.015596866607666,ds_0_T,Networking,count,T
2024-12-22 21:47:00,3.1726789474487305,ds_0_T,Networking,count,T
2024-12-22 21:48:00,1.8388919830322266,ds_0_T,Networking,count,T
2024-12-22 21:49:00,0.5737086534500122,ds_0_T,Networking,count,T
2024-12-22 21:50:00,2.6013643741607666,ds_0_T,Networking,count,T
2024-12-22 21:51:00,1.6494014263153076,ds_0_T,Networking,count,T
2024-12-22 21:52:00,3.1796536445617676,ds_0_T,Networking,count,T
2024-12-22 21:53:00,2.052263021469116,ds_0_T,Networking,count,T
2024-12-22 21:54:00,2.089287042617798,ds_0_T,Networking,count,T
2024-12-22 21:55:00,3.0625813007354736,ds_0_T,Networking,count,T
2024-12-22 21:56:00,3.159125328063965,ds_0_T,Networking,count,T
2024-12-22 21:57:00,2.4813222885131836,ds_0_T,Networking,count,T
2024-12-22 21:58:00,2.352757692337036,ds_0_T,Networking,count,T
2024-12-22 21:59:00,3.215467929840088,ds_0_T,Networking,count,T
2024-12-22 22:00:00,3.0940158367156982,ds_0_T,Networking,count,T
2024-12-22 22:01:00,2.659763813018799,ds_0_T,Networking,count,T
2024-12-22 22:02:00,2.2585697174072266,ds_0_T,Networking,count,T
2024-12-22 22:03:00,1.579448938369751,ds_0_T,Networking,count,T
2024-12-22 22:04:00,2.4257683753967285,ds_0_T,Networking,count,T
2024-12-22 22:05:00,3.626325845718384,ds_0_T,Networking,count,T
2024-12-22 22:06:00,1.7711551189422607,ds_0_T,Networking,count,T
2024-12-22 22:07:00,4.668976306915283,ds_0_T,Networking,count,T
2024-12-22 22:08:00,1.875753402709961,ds_0_T,Networking,count,T
2024-12-22 22:09:00,3.0295443534851074,ds_0_T,Networking,count,T
2024-12-22 22:10:00,3.593780040740967,ds_0_T,Networking,count,T
2024-12-22 22:11:00,1.925764560699463,ds_0_T,Networking,count,T
2024-12-22 22:12:00,3.185598611831665,ds_0_T,Networking,count,T
2024-12-22 22:13:00,3.0342154502868652,ds_0_T,Networking,count,T
2024-12-22 22:14:00,2.745405912399292,ds_0_T,Networking,count,T
2024-12-22 22:15:00,2.8361077308654785,ds_0_T,Networking,count,T
2024-12-22 22:16:00,2.10187029838562,ds_0_T,Networking,count,T
2024-12-22 22:17:00,1.9793832302093506,ds_0_T,Networking,count,T
2024-12-22 22:18:00,0.6825335621833801,ds_0_T,Networking,count,T
2024-12-22 22:19:00,1.3244632482528687,ds_0_T,Networking,count,T
2024-12-22 22:20:00,2.708552598953247,ds_0_T,Networking,count,T
2024-12-22 22:21:00,1.891495704650879,ds_0_T,Networking,count,T
2024-12-22 22:22:00,4.512280464172363,ds_0_T,Networking,count,T
2024-12-22 22:23:00,5.246208190917969,ds_0_T,Networking,count,T
2024-12-22 22:24:00,2.8955864906311035,ds_0_T,Networking,count,T
2024-12-22 22:25:00,3.2572596073150635,ds_0_T,Networking,count,T
2024-12-22 22:26:00,2.3176445960998535,ds_0_T,Networking,count,T
2024-12-22 22:27:00,2.620215892791748,ds_0_T,Networking,count,T
2024-12-22 22:28:00,3.067110061645508,ds_0_T,Networking,count,T
2024-12-22 22:29:00,2.75883150100708,ds_0_T,Networking,count,T
2024-12-22 22:30:00,2.847907543182373,ds_0_T,Networking,count,T
2024-12-22 22:31:00,2.4752063751220703,ds_0_T,Networking,count,T
2024-12-22 22:32:00,2.5470545291900635,ds_0_T,Networking,count,T
2024-12-22 19:13:00,3.0422515869140625,ds_0_T,Application Usage,count,T
2024-12-22 19:14:00,1.8803231716156006,ds_0_T,Application Usage,count,T
2024-12-22 19:15:00,2.752650499343872,ds_0_T,Application Usage,count,T
2024-12-22 19:16:00,2.3231987953186035,ds_0_T,Application Usage,count,T
2024-12-22 19:17:00,2.8033483028411865,ds_0_T,Application Usage,count,T
2024-12-22 19:18:00,2.0778183937072754,ds_0_T,Application Usage,count,T
2024-12-22 19:19:00,0.9481176733970642,ds_0_T,Application Usage,count,T
2024-12-22 19:20:00,3.2246885299682617,ds_0_T,Application Usage,count,T
2024-12-22 19:21:00,1.849324107170105,ds_0_T,Application Usage,count,T
2024-12-22 19:22:00,3.769028902053833,ds_0_T,Application Usage,count,T
2024-12-22 19:23:00,3.08449125289917,ds_0_T,Application Usage,count,T
2024-12-22 19:24:00,1.5041028261184692,ds_0_T,Application Usage,count,T
2024-12-22 19:25:00,2.9320154190063477,ds_0_T,Application Usage,count,T
2024-12-22 19:26:00,2.734144449234009,ds_0_T,Application Usage,count,T
2024-12-22 19:27:00,2.687753438949585,ds_0_T,Application Usage,count,T
2024-12-22 19:28:00,2.1483378410339355,ds_0_T,Application Usage,count,T
2024-12-22 19:29:00,3.8134093284606934,ds_0_T,Application Usage,count,T
2024-12-22 19:30:00,2.403135061264038,ds_0_T,Application Usage,count,T
2024-12-22 19:31:00,1.6716479063034058,ds_0_T,Application Usage,count,T
2024-12-22 19:32:00,2.765127658843994,ds_0_T,Application Usage,count,T
2024-12-22 19:33:00,1.4128198623657227,ds_0_T,Application Usage,count,T
2024-12-22 19:34:00,2.1942086219787598,ds_0_T,Application Usage,count,T
2024-12-22 19:35:00,3.646698236465454,ds_0_T,Application Usage,count,T
2024-12-22 19:36:00,2.0780792236328125,ds_0_T,Application Usage,count,T
2024-12-22 19:37:00,4.393077373504639,ds_0_T,Application Usage,count,T
2024-12-22 19:38:00,1.618553638458252,ds_0_T,Application Usage,count,T
2024-12-22 19:39:00,1.875753402709961,ds_0_T,Application Usage,count,T
2024-12-22 19:40:00,3.0853018760681152,ds_0_T,Application Usage,count,T
2024-12-22 19:41:00,1.2922306060791016,ds_0_T,Application Usage,count,T
2024-12-22 19:42:00,2.291414499282837,ds_0_T,Application Usage,count,T
2024-12-22 19:43:00,1.6862924098968506,ds_0_T,Application Usage,count,T
2024-12-22 19:44:00,1.7804479598999023,ds_0_T,Application Usage,count,T
2024-12-22 19:45:00,2.298156499862671,ds_0_T,Application Usage,count,T
2024-12-22 19:46:00,1.9528319835662842,ds_0_T,Application Usage,count,T
2024-12-22 19:47:00,2.2260780334472656,ds_0_T,Application Usage,count,T
2024-12-22 19:48:00,1.6986112594604492,ds_0_T,Application Usage,count,T
2024-12-22 19:49:00,2.3746144771575928,ds_0_T,Application Usage,count,T
2024-12-22 19:50:00,2.85288667678833,ds_0_T,Application Usage,count,T
2024-12-22 19:51:00,1.4900473356246948,ds_0_T,Application Usage,count,T
2024-12-22 19:52:00,3.668179988861084,ds_0_T,Application Usage,count,T
2024-12-22 19:53:00,2.2209277153015137,ds_0_T,Application Usage,count,T
2024-12-22 19:54:00,2.3840625286102295,ds_0_T,Application Usage,count,T
2024-12-22 19:55:00,1.9650228023529053,ds_0_T,Application Usage,count,T
2024-12-22 19:56:00,1.3595329523086548,ds_0_T,Application Usage,count,T
2024-12-22 19:57:00,2.7542967796325684,ds_0_T,Application Usage,count,T
2024-12-22 19:58:00,2.0911855697631836,ds_0_T,Application Usage,count,T
2024-12-22 19:59:00,2.0603978633880615,ds_0_T,Application Usage,count,T
2024-12-22 20:00:00,2.5994303226470947,ds_0_T,Application Usage,count,T
2024-12-22 20:01:00,2.4231057167053223,ds_0_T,Application Usage,count,T
2024-12-22 20:02:00,2.2897706031799316,ds_0_T,Application Usage,count,T
2024-12-22 20:03:00,1.7149335145950317,ds_0_T,Application Usage,count,T
2024-12-22 20:04:00,2.0361487865448,ds_0_T,Application Usage,count,T
2024-12-22 20:05:00,2.459526777267456,ds_0_T,Application Usage,count,T
2024-12-22 20:06:00,1.2583391666412354,ds_0_T,Application Usage,count,T
2024-12-22 20:07:00,3.933523416519165,ds_0_T,Application Usage,count,T
2024-12-22 20:08:00,1.7941027879714966,ds_0_T,Application Usage,count,T
2024-12-22 20:09:00,3.016061782836914,ds_0_T,Application Usage,count,T
2024-12-22 20:10:00,2.77748441696167,ds_0_T,Application Usage,count,T
2024-12-22 20:11:00,2.5008394718170166,ds_0_T,Application Usage,count,T
2024-12-22 20:12:00,3.0822510719299316,ds_0_T,Application Usage,count,T
2024-12-22 20:13:00,1.565273404121399,ds_0_T,Application Usage,count,T
2024-12-22 20:14:00,2.95782470703125,ds_0_T,Application Usage,count,T
2024-12-22 20:15:00,2.351728916168213,ds_0_T,Application Usage,count,T
2024-12-22 20:16:00,2.4754254817962646,ds_0_T,Application Usage,count,T
2024-12-22 20:17:00,2.57096004486084,ds_0_T,Application Usage,count,T
2024-12-22 20:18:00,1.1021896600723267,ds_0_T,Application Usage,count,T
2024-12-22 20:19:00,1.5543972253799438,ds_0_T,Application Usage,count,T
2024-12-22 20:20:00,2.7690088748931885,ds_0_T,Application Usage,count,T
2024-12-22 20:21:00,2.250692129135132,ds_0_T,Application Usage,count,T
2024-12-22 20:22:00,2.9585211277008057,ds_0_T,Application Usage,count,T
2024-12-22 20:23:00,2.630542039871216,ds_0_T,Application Usage,count,T
2024-12-22 20:24:00,2.315380096435547,ds_0_T,Application Usage,count,T
2024-12-22 20:25:00,2.3251030445098877,ds_0_T,Application Usage,count,T
2024-12-22 20:26:00,1.9170737266540527,ds_0_T,Application Usage,count,T
2024-12-22 20:27:00,2.4270734786987305,ds_0_T,Application Usage,count,T
2024-12-22 20:28:00,3.263291835784912,ds_0_T,Application Usage,count,T
2024-12-22 20:29:00,3.1875064373016357,ds_0_T,Application Usage,count,T
2024-12-22 20:30:00,2.5293431282043457,ds_0_T,Application Usage,count,T
2024-12-22 20:31:00,3.0524840354919434,ds_0_T,Application Usage,count,T
2024-12-22 20:32:00,3.52407169342041,ds_0_T,Application Usage,count,T
2024-12-22 20:33:00,1.5340763330459595,ds_0_T,Application Usage,count,T
2024-12-22 20:34:00,1.3692669868469238,ds_0_T,Application Usage,count,T
2024-12-22 20:35:00,2.9280223846435547,ds_0_T,Application Usage,count,T
2024-12-22 20:36:00,2.6979877948760986,ds_0_T,Application Usage,count,T
2024-12-22 20:37:00,3.3418593406677246,ds_0_T,Application Usage,count,T
2024-12-22 20:38:00,1.9905564785003662,ds_0_T,Application Usage,count,T
2024-12-22 20:39:00,2.9393959045410156,ds_0_T,Application Usage,count,T
2024-12-22 20:40:00,3.1249706745147705,ds_0_T,Application Usage,count,T
2024-12-22 20:41:00,1.79926598072052,ds_0_T,Application Usage,count,T
2024-12-22 20:42:00,2.4500572681427,ds_0_T,Application Usage,count,T
2024-12-22 20:43:00,1.6812007427215576,ds_0_T,Application Usage,count,T
2024-12-22 20:44:00,2.680269956588745,ds_0_T,Application Usage,count,T
2024-12-22 20:45:00,1.9910160303115845,ds_0_T,Application Usage,count,T
2024-12-22 20:46:00,2.243605375289917,ds_0_T,Application Usage,count,T
2024-12-22 20:47:00,1.8542653322219849,ds_0_T,Application Usage,count,T
2024-12-22 20:48:00,1.8303358554840088,ds_0_T,Application Usage,count,T
2024-12-22 20:49:00,1.7752588987350464,ds_0_T,Application Usage,count,T
2024-12-22 20:50:00,2.8955864906311035,ds_0_T,Application Usage,count,T
2024-12-22 20:51:00,1.4880250692367554,ds_0_T,Application Usage,count,T
2024-12-22 20:52:00,2.4929678440093994,ds_0_T,Application Usage,count,T
2024-12-22 20:53:00,3.0614864826202393,ds_0_T,Application Usage,count,T
2024-12-22 20:54:00,2.2287726402282715,ds_0_T,Application Usage,count,T
2024-12-22 20:55:00,2.631120443344116,ds_0_T,Application Usage,count,T
2024-12-22 20:56:00,2.010236978530884,ds_0_T,Application Usage,count,T
2024-12-22 20:57:00,1.5121569633483887,ds_0_T,Application Usage,count,T
2024-12-22 20:58:00,1.802046298980713,ds_0_T,Application Usage,count,T
2024-12-22 20:59:00,2.681893825531006,ds_0_T,Application Usage,count,T
2024-12-22 21:00:00,2.1589863300323486,ds_0_T,Application Usage,count,T
2024-12-22 21:01:00,2.2119622230529785,ds_0_T,Application Usage,count,T
2024-12-22 21:02:00,2.0632152557373047,ds_0_T,Application Usage,count,T
2024-12-22 21:03:00,2.0690178871154785,ds_0_T,Application Usage,count,T
2024-12-22 21:04:00,1.9650228023529053,ds_0_T,Application Usage,count,T
2024-12-22 21:05:00,2.671729564666748,ds_0_T,Application Usage,count,T
2024-12-22 21:06:00,3.241565465927124,ds_0_T,Application Usage,count,T
2024-12-22 21:07:00,2.9074642658233643,ds_0_T,Application Usage,count,T
2024-12-22 21:08:00,1.648934245109558,ds_0_T,Application Usage,count,T
2024-12-22 21:09:00,2.6651132106781006,ds_0_T,Application Usage,count,T
2024-12-22 21:10:00,3.4485855102539062,ds_0_T,Application Usage,count,T
2024-12-22 21:11:00,2.951808214187622,ds_0_T,Application Usage,count,T
2024-12-22 21:12:00,2.660240650177002,ds_0_T,Application Usage,count,T
2024-12-22 21:13:00,1.9095466136932373,ds_0_T,Application Usage,count,T
2024-12-22 21:14:00,3.4032185077667236,ds_0_T,Application Usage,count,T
2024-12-22 21:15:00,1.983885407447815,ds_0_T,Application Usage,count,T
2024-12-22 21:16:00,2.2852866649627686,ds_0_T,Application Usage,count,T
2024-12-22 21:17:00,2.2179815769195557,ds_0_T,Application Usage,count,T
2024-12-22 21:18:00,2.0026557445526123,ds_0_T,Application Usage,count,T
2024-12-22 21:19:00,2.4323017597198486,ds_0_T,Application Usage,count,T
2024-12-22 21:20:00,2.589601993560791,ds_0_T,Application Usage,count,T
2024-12-22 21:21:00,1.9873920679092407,ds_0_T,Application Usage,count,T
2024-12-22 21:22:00,3.6817362308502197,ds_0_T,Application Usage,count,T
2024-12-22 21:23:00,2.823814630508423,ds_0_T,Application Usage,count,T
2024-12-22 21:24:00,1.942264437675476,ds_0_T,Application Usage,count,T
2024-12-22 21:25:00,3.7282891273498535,ds_0_T,Application Usage,count,T
2024-12-22 21:26:00,1.7279078960418701,ds_0_T,Application Usage,count,T
2024-12-22 21:27:00,2.0098612308502197,ds_0_T,Application Usage,count,T
2024-12-22 21:28:00,2.7538516521453857,ds_0_T,Application Usage,count,T
2024-12-22 21:29:00,3.533221483230591,ds_0_T,Application Usage,count,T
2024-12-22 21:30:00,2.302260160446167,ds_0_T,Application Usage,count,T
2024-12-22 21:31:00,2.7658445835113525,ds_0_T,Application Usage,count,T
2024-12-22 21:32:00,2.693664073944092,ds_0_T,Application Usage,count,T
2024-12-22 21:33:00,1.2292604446411133,ds_0_T,Application Usage,count,T
2024-12-22 21:34:00,1.9591871500015259,ds_0_T,Application Usage,count,T
2024-12-22 21:35:00,3.3834948539733887,ds_0_T,Application Usage,count,T
2024-12-22 21:36:00,1.8634593486785889,ds_0_T,Application Usage,count,T
2024-12-22 21:37:00,2.941638469696045,ds_0_T,Application Usage,count,T
2024-12-22 21:38:00,3.850856065750122,ds_0_T,Application Usage,count,T
2024-12-22 21:39:00,3.128227710723877,ds_0_T,Application Usage,count,T
2024-12-22 21:40:00,2.935365915298462,ds_0_T,Application Usage,count,T
2024-12-22 21:41:00,1.9191066026687622,ds_0_T,Application Usage,count,T
2024-12-22 21:42:00,2.834916114807129,ds_0_T,Application Usage,count,T
2024-12-22 21:43:00,5.014490604400635,ds_0_T,Application Usage,count,T
2024-12-22 21:44:00,4.436473846435547,ds_0_T,Application Usage,count,T
2024-12-22 21:45:00,2.4762041568756104,ds_0_T,Application Usage,count,T
2024-12-22 21:46:00,2.015596866607666,ds_0_T,Application Usage,count,T
2024-12-22 21:47:00,3.1726789474487305,ds_0_T,Application Usage,count,T
2024-12-22 21:48:00,1.8388919830322266,ds_0_T,Application Usage,count,T
2024-12-22 21:49:00,0.5737086534500122,ds_0_T,Application Usage,count,T
2024-12-22 21:50:00,2.6013643741607666,ds_0_T,Application Usage,count,T
2024-12-22 21:51:00,1.6494014263153076,ds_0_T,Application Usage,count,T
2024-12-22 21:52:00,3.1796536445617676,ds_0_T,Application Usage,count,T
2024-12-22 21:53:00,2.052263021469116,ds_0_T,Application Usage,count,T
2024-12-22 21:54:00,2.089287042617798,ds_0_T,Application Usage,count,T
2024-12-22 21:55:00,3.0625813007354736,ds_0_T,Application Usage,count,T
2024-12-22 21:56:00,3.159125328063965,ds_0_T,Application Usage,count,T
2024-12-22 21:57:00,2.4813222885131836,ds_0_T,Application Usage,count,T
2024-12-22 21:58:00,2.352757692337036,ds_0_T,Application Usage,count,T
2024-12-22 21:59:00,3.215467929840088,ds_0_T,Application Usage,count,T
2024-12-22 22:00:00,3.0940158367156982,ds_0_T,Application Usage,count,T
2024-12-22 22:01:00,2.659763813018799,ds_0_T,Application Usage,count,T
2024-12-22 22:02:00,2.2585697174072266,ds_0_T,Application Usage,count,T
2024-12-22 22:03:00,1.579448938369751,ds_0_T,Application Usage,count,T
2024-12-22 22:04:00,2.4257683753967285,ds_0_T,Application Usage,count,T
2024-12-22 22:05:00,3.626325845718384,ds_0_T,Application Usage,count,T
2024-12-22 22:06:00,1.7711551189422607,ds_0_T,Application Usage,count,T
2024-12-22 22:07:00,4.668976306915283,ds_0_T,Application Usage,count,T
2024-12-22 22:08:00,1.875753402709961,ds_0_T,Application Usage,count,T
2024-12-22 22:09:00,3.0295443534851074,ds_0_T,Application Usage,count,T
2024-12-22 22:10:00,3.593780040740967,ds_0_T,Application Usage,count,T
2024-12-22 22:11:00,1.925764560699463,ds_0_T,Application Usage,count,T
2024-12-22 22:12:00,3.185598611831665,ds_0_T,Application Usage,count,T
2024-12-22 22:13:00,3.0342154502868652,ds_0_T,Application Usage,count,T
2024-12-22 22:14:00,2.745405912399292,ds_0_T,Application Usage,count,T
2024-12-22 22:15:00,2.8361077308654785,ds_0_T,Application Usage,count,T
2024-12-22 22:16:00,2.10187029838562,ds_0_T,Application Usage,count,T
2024-12-22 22:17:00,1.9793832302093506,ds_0_T,Application Usage,count,T
2024-12-22 22:18:00,0.6825335621833801,ds_0_T,Application Usage,count,T
2024-12-22 22:19:00,1.3244632482528687,ds_0_T,Application Usage,count,T
2024-12-22 22:20:00,2.708552598953247,ds_0_T,Application Usage,count,T
2024-12-22 22:21:00,1.891495704650879,ds_0_T,Application Usage,count,T
2024-12-22 22:22:00,4.512280464172363,ds_0_T,Application Usage,count,T
2024-12-22 22:23:00,5.246208190917969,ds_0_T,Application Usage,count,T
2024-12-22 22:24:00,2.8955864906311035,ds_0_T,Application Usage,count,T
2024-12-22 22:25:00,3.2572596073150635,ds_0_T,Application Usage,count,T
2024-12-22 22:26:00,2.3176445960998535,ds_0_T,Application Usage,count,T
2024-12-22 22:27:00,2.620215892791748,ds_0_T,Application Usage,count,T
2024-12-22 22:28:00,3.067110061645508,ds_0_T,Application Usage,count,T
2024-12-22 22:29:00,2.75883150100708,ds_0_T,Application Usage,count,T
2024-12-22 22:30:00,2.847907543182373,ds_0_T,Application Usage,count,T
2024-12-22 22:31:00,2.4752063751220703,ds_0_T,Application Usage,count,T
2024-12-22 22:32:00,2.5470545291900635,ds_0_T,Application Usage,count,T
2024-07-16 12:17:00,"[ 1.04618051  1.04618051  1.04618051 ... -0.22199479 -0.22199479
 -0.22199479]",ds_1_T,Infrastructure,gauge,T
2024-07-16 12:18:00,[0.99983051 0.99983051 0.99983051 ... 0.99983051 0.99983051 0.99983051],ds_1_T,Infrastructure,gauge,T
2024-07-16 12:19:00,"[-0.04013871 -0.04013871 -0.04013871 ... -0.04013871 -0.04013871
 -0.04013871]",ds_1_T,Infrastructure,gauge,T
2024-07-16 12:20:00,"[-0.26708182 -0.26708182 -0.26708182 ... -0.26708182 -0.26708182
 -0.26708182]",ds_1_T,Infrastructure,gauge,T
2024-07-16 12:21:00,[0. 0. 0. ... 0. 0. 0.],ds_1_T,Infrastructure,gauge,T
2024-07-16 12:22:00,"[-0.03229507 -0.03229507 -0.03229507 ... -0.03229507 -0.03229507
 -0.03229507]",ds_1_T,Infrastructure,gauge,T
2024-07-16 12:23:00,"[ 1.07684924  1.07684924  1.07684924 ... -0.22063157 -0.22063157
 -0.22063157]",ds_1_T,Infrastructure,gauge,T
2024-07-16 12:24:00,"[-0.76345923 -0.76345923 -0.76345923 ... -0.76345923 -0.76345923
 -0.76345923]",ds_1_T,Infrastructure,gauge,T
2024-07-16 12:25:00,"[-0.19050015 -0.19050015 -0.19050015 ... -0.19050015 -0.19050015
 -0.19050015]",ds_1_T,Infrastructure,gauge,T
2024-07-16 12:26:00,"[-0.01164682 -0.01164682 -0.01164682 ... -0.01164682 -0.01164682
 -0.01164682]",ds_1_T,Infrastructure,gauge,T
2024-07-16 12:27:00,"[-0.01104907 -0.01104907 -0.01104907 ... -0.01104907 -0.01104907
 -0.01104907]",ds_1_T,Infrastructure,gauge,T
2024-07-16 12:28:00,[0. 0. 0. ... 0. 0. 0.],ds_1_T,Infrastructure,gauge,T
2024-07-16 12:29:00,"[ 3.07899475  3.07899475  3.07899475 ... -0.32481929 -0.32481929
 -0.32481929]",ds_1_T,Infrastructure,gauge,T
2024-07-16 12:30:00,"[-0.07327704 -0.07327704 -0.07327704 ... -0.07327704 -0.07327704
 -0.07327704]",ds_1_T,Infrastructure,gauge,T
2024-07-16 12:31:00,[0. 0. 0. ... 0. 0. 0.],ds_1_T,Infrastructure,gauge,T
2024-07-16 12:32:00,"[-0.02376111 -0.02376111 -0.02376111 ... -0.02376111 -0.02376111
 -0.02376111]",ds_1_T,Infrastructure,gauge,T
2024-07-16 12:33:00,"[-0.01104907 -0.01104907 -0.01104907 ... -0.01104907 -0.01104907
 -0.01104907]",ds_1_T,Infrastructure,gauge,T
2024-07-16 12:34:00,[-0.0169499 -0.0169499 -0.0169499 ... -0.0169499 -0.0169499 -0.0169499],ds_1_T,Infrastructure,gauge,T
2024-07-16 12:35:00,"[-0.99699582 -0.99699582 -0.99699582 ... -0.99699582 -0.99699582
 -0.99699582]",ds_1_T,Infrastructure,gauge,T
2024-07-16 12:36:00,[-0.1075951 -0.1075951 -0.1075951 ... -0.1075951 -0.1075951 -0.1075951],ds_1_T,Infrastructure,gauge,T
2024-07-16 12:37:00,"[-0.04108177 -0.04108177 -0.04108177 ... -0.04108177 -0.04108177
 -0.04108177]",ds_1_T,Infrastructure,gauge,T
2024-07-16 12:38:00,[0. 0. 0. ... 0. 0. 0.],ds_1_T,Infrastructure,gauge,T
2024-07-16 12:39:00,[0.99979662 0.99979662 0.99979662 ... 0.99979662 0.99979662 0.99979662],ds_1_T,Infrastructure,gauge,T
2024-07-16 12:40:00,"[-0.18400337 -0.18400337 -0.18400337 ... -0.18400337 -0.18400337
 -0.18400337]",ds_1_T,Infrastructure,gauge,T
2024-07-16 12:41:00,"[-0.52397906 -0.52397906 -0.52397906 ...  0.30170085  0.30170085
  0.30170085]",ds_1_T,Infrastructure,gauge,T
2024-07-16 12:42:00,"[-0.17100983 -0.17100983 -0.17100983 ... -0.17100983 -0.17100983
 -0.17100983]",ds_1_T,Infrastructure,gauge,T
2024-07-16 12:43:00,"[-0.71985812 -0.71985812 -0.71985812 ... -0.71985812 -0.71985812
 -0.71985812]",ds_1_T,Infrastructure,gauge,T
2024-07-16 12:44:00,[0. 0. 0. ... 0. 0. 0.],ds_1_T,Infrastructure,gauge,T
2024-07-16 12:45:00,"[-1.00006782 -1.00006782 -1.00006782 ... -1.00006782 -1.00006782
 -1.00006782]",ds_1_T,Infrastructure,gauge,T
2024-07-16 12:46:00,"[-0.47191094 -0.47191094 -0.47191094 ...  0.1511538   0.11450293
  0.11450293]",ds_1_T,Infrastructure,gauge,T
2024-07-16 12:47:00,"[-0.01041709 -0.01041709 -0.01041709 ... -0.01041709 -0.01041709
 -0.01041709]",ds_1_T,Infrastructure,gauge,T
2024-07-16 12:48:00,"[ 1.55168698  1.55168698  1.55168698 ... -1.0457838  -1.0457838
 -1.0457838 ]",ds_1_T,Infrastructure,gauge,T
2024-07-16 12:49:00,"[-0.99874778 -0.99874778 -0.99874778 ... -0.99874778 -0.99874778
 -0.99874778]",ds_1_T,Infrastructure,gauge,T
2024-07-16 12:50:00,"[-0.03020872 -0.03020872 -0.03020872 ... -0.03020872 -0.03020872
 -0.03020872]",ds_1_T,Infrastructure,gauge,T
2024-07-16 12:51:00,"[-0.07316773 -0.07316773 -0.07316773 ... -0.07316773 -0.07316773
 -0.07316773]",ds_1_T,Infrastructure,gauge,T
2024-06-01 00:05:00,"[-0.12499808 -0.12499808 -0.12499808 ... -0.39957305 -0.39957305
 -0.39957305]",ds_2_5T,Database,gauge,5T
2024-06-01 00:10:00,"[ 1.38312483  1.38312483  1.38312483 ... -0.85061221 -0.85061221
 -0.85061221]",ds_2_5T,Database,gauge,5T
2024-06-01 00:15:00,"[ 0.16784319  0.16784319  0.16784319 ... -0.38528495 -0.38528495
 -0.38528495]",ds_2_5T,Database,gauge,5T
2024-06-01 00:20:00,"[ 0.17838667  0.17838667  0.17838667 ... -2.25353443 -2.25291367
 -2.24111929]",ds_2_5T,Database,gauge,5T
2024-06-01 00:25:00,"[ 1.56078242  1.56078242  1.56078242 ... -0.92892865 -0.92892865
 -0.92892865]",ds_2_5T,Database,gauge,5T
2024-06-01 00:30:00,"[-0.53380505 -0.53380505 -0.53380505 ... -1.45122601 -1.45122601
 -1.45122601]",ds_2_5T,Database,gauge,5T
2024-06-01 00:35:00,"[ 0.53183185  0.53359714  0.53359714 ... -1.21426294 -1.20902239
 -1.20536385]",ds_2_5T,Database,gauge,5T
2024-06-01 00:40:00,"[ 1.11034077  1.11034077  1.11034077 ... -1.10616211 -1.10616211
 -1.10616211]",ds_2_5T,Database,gauge,5T
2024-06-01 00:45:00,"[ 0.1553362   0.1553362   0.1553362  ... -1.31751026 -1.31751026
 -1.31751026]",ds_2_5T,Database,gauge,5T
2024-06-01 00:50:00,[1.02212608 1.0317034  1.08993083 ... 0.25453395 0.25453395 0.25453395],ds_2_5T,Database,gauge,5T
2024-06-01 00:55:00,"[ 1.78450052  1.78450052  1.78450052 ... -0.56173394 -0.56173394
 -0.56173394]",ds_2_5T,Database,gauge,5T
2024-06-01 01:00:00,"[-0.45443965 -0.45443965 -0.45443965 ...  0.16822208  0.16822208
  0.16822208]",ds_2_5T,Database,gauge,5T
2024-06-01 01:05:00,"[-0.80396951 -0.80396951 -0.80396951 ... -0.00534012 -0.00534012
 -0.00534012]",ds_2_5T,Database,gauge,5T
2024-06-01 01:10:00,[1.32274868 1.32274868 1.32274868 ... 0.35503399 0.35555925 0.36028659],ds_2_5T,Database,gauge,5T
2024-06-01 01:15:00,"[-0.25833836 -0.25833836 -0.25833836 ... -0.36818045 -0.36818045
 -0.36818045]",ds_2_5T,Database,gauge,5T
2024-06-01 01:20:00,"[ 0.26510283  0.26510283  0.26510283 ... -0.40353188 -0.40353188
 -0.40353188]",ds_2_5T,Database,gauge,5T
2024-06-01 01:25:00,"[-0.10782424 -0.10782424 -0.10782424 ... -0.15748207 -0.15684823
 -0.15684823]",ds_2_5T,Database,gauge,5T
2024-06-01 01:30:00,"[ 0.79558243  0.80335781  0.80335781 ... -0.24955826 -0.24955826
 -0.24955826]",ds_2_5T,Database,gauge,5T
2024-06-01 01:35:00,[0.02329838 0.02329838 0.02329838 ... 0.02329838 0.02329838 0.02329838],ds_2_5T,Database,gauge,5T
2024-06-01 01:40:00,[0.61110344 0.61110344 0.64353823 ... 0.29841025 0.29841025 0.29841025],ds_2_5T,Database,gauge,5T
2024-06-01 01:45:00,"[-0.75441082 -0.75441082 -0.75441082 ... -0.92203493 -0.91393702
 -0.90799796]",ds_2_5T,Database,gauge,5T
2024-06-01 01:50:00,"[ 1.55067603  1.55067603  1.55067603 ... -1.05250873 -1.05250873
 -1.05250873]",ds_2_5T,Database,gauge,5T
2024-06-01 01:55:00,"[ 1.28234512  1.28234512  1.28234512 ... -0.39138789 -0.39138789
 -0.39138789]",ds_2_5T,Database,gauge,5T
2024-06-01 02:00:00,"[ 1.36267477  1.36267477  1.36267477 ... -0.80503398 -0.80330596
 -0.80110396]",ds_2_5T,Database,gauge,5T
2024-06-01 02:05:00,"[ 1.29340638  1.29340638  1.29340638 ... -1.80446918 -1.80446918
 -1.80446918]",ds_2_5T,Database,gauge,5T
2024-06-01 02:10:00,"[ 0.46505291  0.46505291  0.46505291 ... -0.00069883 -0.00069883
 -0.00069883]",ds_2_5T,Database,gauge,5T
2024-06-01 02:15:00,"[-0.63456746 -0.63456746 -0.63456746 ... -0.63456746 -0.63456746
 -0.63456746]",ds_2_5T,Database,gauge,5T
2024-06-01 02:20:00,"[-0.58563929 -0.58563929 -0.58563929 ... -0.58563929 -0.58563929
 -0.58563929]",ds_2_5T,Database,gauge,5T
2024-06-01 02:25:00,[2.29523397 2.29523397 2.29523397 ... 0.07825108 0.07825108 0.07825108],ds_2_5T,Database,gauge,5T
2024-06-01 02:30:00,"[-1.83426878 -1.65915352 -1.59060065 ... -0.07768622 -0.07768622
 -0.07768622]",ds_2_5T,Database,gauge,5T
2024-06-01 02:35:00,"[ 2.51575253  2.51575253  2.51575253 ... -0.11707771 -0.11707771
 -0.11707771]",ds_2_5T,Database,gauge,5T
2024-06-01 02:40:00,"[-0.20646307 -0.20413538 -0.20240301 ... -1.57651244 -1.57254283
 -1.5632986 ]",ds_2_5T,Database,gauge,5T
2024-06-01 02:45:00,"[ 1.95984193  1.95984193  1.95984193 ... -0.21773564 -0.21773564
 -0.21499096]",ds_2_5T,Database,gauge,5T
2024-06-01 02:50:00,"[ 1.41521885  1.41521885  1.41521885 ... -0.82560301 -0.82188552
 -0.82188552]",ds_2_5T,Database,gauge,5T
2024-06-01 02:55:00,"[-0.53953103 -0.53953103 -0.53953103 ... -0.23355854 -0.23355854
 -0.23355854]",ds_2_5T,Database,gauge,5T
2024-06-01 03:00:00,"[ 0.4220847   0.4220847   0.4220847  ... -1.24900645 -1.24900645
 -1.24900645]",ds_2_5T,Database,gauge,5T
2024-06-01 03:05:00,"[ 0.95257704  0.95257704  0.95257704 ... -1.04954764 -1.04573029
 -1.04403506]",ds_2_5T,Database,gauge,5T
2024-06-01 03:10:00,"[ 0.70013677  0.70013677  0.70013677 ... -1.28468069 -1.28468069
 -1.28468069]",ds_2_5T,Database,gauge,5T
2024-06-01 03:15:00,"[ 1.47078109  1.47078109  1.47078109 ... -0.9024207  -0.9024207
 -0.9024207 ]",ds_2_5T,Database,gauge,5T
2024-06-01 03:20:00,"[ 0.5136571   0.5136571   0.51426968 ... -1.55459513 -1.55196372
 -1.54865559]",ds_2_5T,Database,gauge,5T
2024-06-01 03:25:00,[0.94912121 0.94912121 1.00177147 ... 0.55980422 0.55980422 0.55980422],ds_2_5T,Database,gauge,5T
2024-06-01 03:30:00,"[-0.34264003 -0.34264003 -0.32382711 ... -0.59253051 -0.59253051
 -0.59253051]",ds_2_5T,Database,gauge,5T
2024-06-01 03:35:00,"[-1.23439731 -1.19334803 -1.17010223 ...  0.03049438  0.03049438
  0.03049438]",ds_2_5T,Database,gauge,5T
2024-06-01 03:40:00,"[-0.92751655 -0.87185214 -0.83218326 ... -0.30838333 -0.30838333
 -0.30838333]",ds_2_5T,Database,gauge,5T
2024-06-01 03:45:00,"[-0.35489591 -0.35489591 -0.35489591 ... -0.18009895 -0.18009895
 -0.18009895]",ds_2_5T,Database,gauge,5T
2024-06-01 03:50:00,"[ 1.95725058  1.95725058  1.95725058 ... -0.53919579 -0.53919579
 -0.53919579]",ds_2_5T,Database,gauge,5T
2024-06-01 03:55:00,"[-0.01319215 -0.01319215 -0.01319215 ... -0.15786497 -0.15641931
 -0.15641931]",ds_2_5T,Database,gauge,5T
2024-06-01 04:00:00,"[ 0.0050898   0.0050898   0.0050898  ... -2.23836078 -2.18626516
 -2.10915255]",ds_2_5T,Database,gauge,5T
2024-06-01 04:05:00,"[10.57531331 10.57531331 10.57531331 ... -0.21805667 -0.21805667
 -0.21805667]",ds_2_5T,Database,gauge,5T
2024-06-01 04:10:00,"[ 1.89008938  1.89008938  1.89008938 ... -0.89045662 -0.89045662
 -0.89045662]",ds_2_5T,Database,gauge,5T
2024-06-01 04:15:00,"[-0.14377698 -0.12890503 -0.0909955  ... -0.93890968 -0.93241653
 -0.91605247]",ds_2_5T,Database,gauge,5T
2024-06-01 04:20:00,"[ 0.85364608  0.85364608  0.85364608 ... -1.08760072 -1.08760072
 -1.08760072]",ds_2_5T,Database,gauge,5T
2024-06-01 04:25:00,"[-0.17590159 -0.17590159 -0.17590159 ... -0.62793352 -0.62793352
 -0.62793352]",ds_2_5T,Database,gauge,5T
2024-06-01 04:30:00,"[-0.6445625  -0.6439545  -0.64321139 ...  0.39344609  0.39497826
  0.39865258]",ds_2_5T,Database,gauge,5T
2024-06-01 04:35:00,"[ 1.52672136  1.27396311 -0.22774609 ... -0.46623789 -0.46361281
 -0.46117376]",ds_2_5T,Database,gauge,5T
2024-06-01 04:40:00,"[ 1.21623525  1.21623525  1.21623525 ... -0.82392212 -0.82392212
 -0.82392212]",ds_2_5T,Database,gauge,5T
2024-06-01 04:45:00,"[ 0.72394908  0.78547396  0.78727104 ... -1.2535746  -1.2535746
 -1.2535746 ]",ds_2_5T,Database,gauge,5T
2024-06-01 04:50:00,"[ 0.13341911  0.13341911  0.13341911 ... -1.05696078 -1.05696078
 -1.05696078]",ds_2_5T,Database,gauge,5T
2024-06-01 04:55:00,[0.66430971 0.66430971 0.66430971 ... 0.10444468 0.10444468 0.10444468],ds_2_5T,Database,gauge,5T
2024-06-01 05:00:00,"[ 0.97701292  0.97701292  0.97701292 ... -0.89338445 -0.89338445
 -0.89338445]",ds_2_5T,Database,gauge,5T
2024-06-01 05:05:00,"[ 0.32645894  0.32645894  0.32645894 ... -1.79980996 -1.79946347
 -1.79946347]",ds_2_5T,Database,gauge,5T
2024-06-01 05:10:00,"[ 1.36644173  1.36644173  1.36644173 ... -0.9632438  -0.9632438
 -0.9632438 ]",ds_2_5T,Database,gauge,5T
2024-06-01 05:15:00,"[ 0.39314537  0.39314537  0.39314537 ... -1.00749191 -1.00749191
 -1.00749191]",ds_2_5T,Database,gauge,5T
2024-06-01 05:20:00,"[-0.26866002 -0.26866002 -0.26866002 ... -0.48144698 -0.48144698
 -0.48144698]",ds_2_5T,Database,gauge,5T
2024-06-01 05:25:00,"[ 3.86033394  3.86033394  3.86033394 ... -0.18580956 -0.18580956
 -0.18580956]",ds_2_5T,Database,gauge,5T
2024-06-01 05:30:00,"[ 2.22590643  2.22590643  2.22590643 ... -1.0354362  -1.0354362
 -1.0354362 ]",ds_2_5T,Database,gauge,5T
2024-06-01 05:35:00,"[-0.04385069 -0.04385069 -0.04024205 ...  0.23707883  0.23707883
  0.23707883]",ds_2_5T,Database,gauge,5T
2024-06-01 05:40:00,"[ 1.34026081  1.34026081  1.34026081 ... -1.12084961 -1.12084961
 -1.12084961]",ds_2_5T,Database,gauge,5T
2024-06-01 05:45:00,"[-0.42586359 -0.42586359 -0.42586359 ... -0.18934666 -0.18934666
 -0.18934666]",ds_2_5T,Database,gauge,5T
2024-06-01 05:50:00,"[ 0.08485754  0.08485754  0.08485754 ... -0.02789512 -0.02659484
 -0.02659484]",ds_2_5T,Database,gauge,5T
2024-06-01 05:55:00,"[-1.10042057 -0.96155429 -0.85137789 ... -0.84666422 -0.84666422
 -0.84666422]",ds_2_5T,Database,gauge,5T
2024-06-01 06:00:00,"[ 1.34122888  1.34122888  1.34122888 ... -2.22779446 -2.2221371
 -2.2215085 ]",ds_2_5T,Database,gauge,5T
2024-06-01 06:05:00,"[ 0.42933424  0.42933424  0.42933424 ... -1.06125776 -1.06125776
 -1.06125776]",ds_2_5T,Database,gauge,5T
2024-06-01 06:10:00,"[ 0.27381533  0.27381533  0.27381533 ... -1.29581803 -1.28115448
 -1.27521808]",ds_2_5T,Database,gauge,5T
2024-06-01 06:15:00,"[ 1.16994587  1.16994587  1.16994587 ... -0.85638855 -0.85638855
 -0.85638855]",ds_2_5T,Database,gauge,5T
2024-06-01 06:20:00,"[ 2.02644449  2.02644449  2.02644449 ... -0.70106648 -0.70106648
 -0.68108471]",ds_2_5T,Database,gauge,5T
2024-06-01 06:25:00,"[ 1.66379009  1.66379009  1.66379009 ... -0.6020613  -0.6020613
 -0.6020613 ]",ds_2_5T,Database,gauge,5T
2024-06-01 06:30:00,"[-0.70562191 -0.70562191 -0.70562191 ... -0.70562191 -0.70562191
 -0.70562191]",ds_2_5T,Database,gauge,5T
2024-06-01 06:35:00,"[ 0.53403152  0.53403152  0.53403152 ... -5.02246939 -5.02246939
 -5.02246939]",ds_2_5T,Database,gauge,5T
2024-06-01 06:40:00,"[ 0.31768719  0.31768719  0.31768719 ... -1.922995   -1.922995
 -1.922995  ]",ds_2_5T,Database,gauge,5T
2024-06-01 06:45:00,"[ 0.0607751   0.0607751   0.0607751  ... -1.99874548 -1.99874548
 -1.99874548]",ds_2_5T,Database,gauge,5T
2024-06-01 06:50:00,"[-0.35428736 -0.35428736 -0.35428736 ... -0.16703724 -0.16703724
 -0.16703724]",ds_2_5T,Database,gauge,5T
2024-06-01 06:55:00,[-0.3234    -0.3234    -0.3234    ... -0.1971079 -0.1971079 -0.1971079],ds_2_5T,Database,gauge,5T
2024-06-01 07:00:00,[2.442261   2.442261   2.442261   ... 0.61249894 0.61249894 0.61249894],ds_2_5T,Database,gauge,5T
2024-06-01 07:05:00,"[ 0.30381285  0.30718361  0.30735699 ... -1.5701935  -1.56803371
 -1.56618655]",ds_2_5T,Database,gauge,5T
2024-06-01 07:10:00,"[-0.74866682 -0.74866682 -0.74866682 ... -0.74866682 -0.74866682
 -0.74866682]",ds_2_5T,Database,gauge,5T
2024-06-01 07:15:00,"[ 0.57960748  0.57960748  0.57960748 ... -1.08468695 -1.07721316
 -1.07001896]",ds_2_5T,Database,gauge,5T
2024-06-01 07:20:00,"[ 1.81212369  1.81212369  1.81212369 ... -0.8219188  -0.81522335
 -0.80889082]",ds_2_5T,Database,gauge,5T
2024-06-01 07:25:00,"[ 1.09503414  1.09503414  1.09503414 ... -0.91424268 -0.91424268
 -0.91424268]",ds_2_5T,Database,gauge,5T
2024-06-01 07:30:00,"[ 0.88442538  0.88442538  0.88442538 ... -0.88932166 -0.88932166
 -0.88932166]",ds_2_5T,Database,gauge,5T
2024-06-01 07:35:00,"[-0.8588162  -0.8588162  -0.8588162  ... -0.31445122 -0.31445122
 -0.31445122]",ds_2_5T,Database,gauge,5T
2024-07-27 21:25:00,[0. 0. 0. ... 0. 0. 0.],ds_4_5T,Application Usage,rate,5T
2024-07-27 21:30:00,"[-0.13906376 -0.12212304 -0.13906376 ... -0.13906376 -0.13906376
 -0.13906376]",ds_4_5T,Application Usage,rate,5T
2024-07-27 21:35:00,"[-0.01379825 -0.01379825 -0.01379825 ... -0.01379825 -0.01379825
 -0.01379825]",ds_4_5T,Application Usage,rate,5T
2024-07-27 21:40:00,"[-0.17637103 -0.17637103 -0.17637103 ... -0.17637103 -0.17637103
 -0.17637103]",ds_4_5T,Application Usage,rate,5T
2024-07-27 21:45:00,"[-0.03942347 -0.03942347 -0.03942347 ... -0.03942347 -0.03942347
 -0.03942347]",ds_4_5T,Application Usage,rate,5T
2024-07-27 21:50:00,"[-0.1699769  -0.1699769   1.03184318 ... -0.1699769  -0.1699769
 -0.1699769 ]",ds_4_5T,Application Usage,rate,5T
2024-07-27 21:55:00,"[-0.09133813 -0.09133813 -0.09133813 ... -0.09133813 -0.09133813
 -0.09133813]",ds_4_5T,Application Usage,rate,5T
2024-07-27 22:00:00,"[-0.03390129 -0.03390129 -0.03390129 ... -0.03390129 -0.03390129
 -0.03390129]",ds_4_5T,Application Usage,rate,5T
2024-07-27 22:05:00,"[-0.02215886 -0.02215886 -0.02215886 ... -0.02215886 -0.02215886
 -0.02215886]",ds_4_5T,Application Usage,rate,5T
2024-07-27 22:10:00,"[-0.03260175 -0.03260175 -0.03260175 ... -0.03260175 -0.03260175
 -0.03260175]",ds_4_5T,Application Usage,rate,5T
2024-07-27 22:15:00,"[-0.07879662 -0.07879662 -0.07879662 ... -0.07879662 -0.07879662
 -0.07879662]",ds_4_5T,Application Usage,rate,5T
2024-07-27 22:20:00,"[-0.17671133 -0.17671133 -0.17671133 ... -0.17671133 -0.17671133
 -0.17671133]",ds_4_5T,Application Usage,rate,5T
2024-07-27 22:25:00,"[ 1.51111277 -0.17731618  0.00946512 ... -0.17731618 -0.17731618
 -0.17731618]",ds_4_5T,Application Usage,rate,5T
2024-07-27 22:30:00,"[-0.02676211 -0.02676211 -0.02676211 ... -0.02676211 -0.02676211
 -0.02676211]",ds_4_5T,Application Usage,rate,5T
2024-07-27 22:35:00,"[-0.15591177 -0.15591177 -0.15591177 ... -0.15591177 -0.15591177
 -0.15591177]",ds_4_5T,Application Usage,rate,5T
2024-07-27 22:40:00,"[-0.01163525 -0.01163525 -0.01163525 ... -0.01163525 -0.01163525
 -0.01163525]",ds_4_5T,Application Usage,rate,5T
2024-07-27 22:45:00,"[-0.05721303 -0.05721303 -0.05721303 ... -0.05721303 -0.05721303
 -0.05721303]",ds_4_5T,Application Usage,rate,5T
2024-07-27 22:50:00,"[-0.05714638 -0.05714638 -0.05714638 ... -0.05714638 -0.05714638
 -0.05714638]",ds_4_5T,Application Usage,rate,5T
2024-07-27 22:55:00,"[-0.12695624 -0.12695624 -0.12695624 ... -0.12695624 -0.12695624
 -0.12695624]",ds_4_5T,Application Usage,rate,5T
2024-07-27 23:00:00,[0. 0. 0. ... 0. 0. 0.],ds_4_5T,Application Usage,rate,5T
2024-07-27 23:05:00,"[-0.01063175 -0.01063175 -0.01063175 ... -0.01063175 -0.01063175
 -0.01063175]",ds_4_5T,Application Usage,rate,5T
2024-07-27 23:10:00,"[-0.12036028 -0.12036028 -0.12036028 ... -0.12036028 -0.12036028
 -0.12036028]",ds_4_5T,Application Usage,rate,5T
2024-07-27 23:15:00,"[-0.05425134 -0.05425134 -0.05425134 ... -0.05425134 -0.05425134
 -0.05425134]",ds_4_5T,Application Usage,rate,5T
2024-07-27 23:20:00,"[-0.17453905 -0.17453905 -0.17453905 ... -0.17453905 -0.17453905
 -0.17453905]",ds_4_5T,Application Usage,rate,5T
2024-07-27 23:25:00,"[-0.06857876 -0.06857876 -0.06857876 ... -0.06857876 -0.06857876
 -0.06857876]",ds_4_5T,Application Usage,rate,5T
2024-07-27 23:30:00,"[-0.12010972 -0.12010972 -0.12010972 ... -0.12010972 -0.12010972
 -0.12010972]",ds_4_5T,Application Usage,rate,5T
2024-07-27 23:35:00,"[-0.01144911 -0.01144911 -0.01144911 ... -0.01144911 -0.01144911
 -0.01144911]",ds_4_5T,Application Usage,rate,5T
2024-07-27 23:40:00,"[-0.06984746 -0.06984746 -0.06984746 ... -0.06984746 -0.06984746
 -0.06984746]",ds_4_5T,Application Usage,rate,5T
2024-07-27 23:45:00,"[ 1.16316636 -0.18610921 -0.18610921 ... -0.18610921 -0.18610921
 -0.18610921]",ds_4_5T,Application Usage,rate,5T
2024-07-27 23:50:00,"[-0.06320451 -0.06320451 -0.06320451 ... -0.06320451 -0.06320451
 -0.06320451]",ds_4_5T,Application Usage,rate,5T
2024-07-27 23:55:00,"[-0.06290597 -0.06290597 -0.06290597 ... -0.06290597 -0.06290597
 -0.06290597]",ds_4_5T,Application Usage,rate,5T
2024-06-01 00:01:00,"[ 0.109634   -0.06741283 -0.06741283 ... -0.06741283 -0.06741283
 -0.06741283]",ds_5_T,Networking,rate,T
2024-06-01 00:02:00,"[-0.42652502 -0.42652502 -0.42652502 ... -0.42652502  1.90186417
 -0.42652502]",ds_5_T,Networking,rate,T
2024-06-01 00:03:00,"[ 0.14327314 -0.09483822 -0.09483822 ... -0.09483822 -0.09483822
 -0.09483822]",ds_5_T,Networking,rate,T
2024-06-01 00:04:00,"[ 0.22673606 -1.00639915 -0.15809736 ... -0.297339   -0.20462827
 -0.33726931]",ds_5_T,Networking,rate,T
2024-06-01 00:05:00,"[-0.29194975  0.23742578  1.58290187 ...  1.76425884  0.78221612
  1.33720022]",ds_5_T,Networking,rate,T
2024-06-01 00:06:00,"[-0.26729579 -0.26729579 -0.26729579 ... -0.26729579 -0.26729579
 -0.26729579]",ds_5_T,Networking,rate,T
2024-06-01 00:07:00,"[ 7.39935506 -0.3595565  -0.3595565  ... -0.1296163  -0.24286764
 -0.28227989]",ds_5_T,Networking,rate,T
2024-06-01 00:08:00,"[-0.05019762 -0.0525598  -0.05101957 ... -0.04914936 -0.05946587
 -0.05565867]",ds_5_T,Networking,rate,T
2024-06-01 00:09:00,"[-0.15337433 -0.15337433 -0.15337433 ... -0.15337433  0.15644938
  0.09116363]",ds_5_T,Networking,rate,T
2024-06-01 00:10:00,"[-0.53072266 -0.08661581 -0.03909746 ... -0.11868948 -0.24507562
 -0.09787172]",ds_5_T,Networking,rate,T
2024-06-01 00:11:00,"[-0.49083431 -0.48756147 -0.49009326 ... -0.49184687 -0.48620699
 -0.49294048]",ds_5_T,Networking,rate,T
2024-06-01 00:12:00,"[-0.01614823 -0.01614823 -0.01614823 ... -0.01614823 -0.01614823
 -0.01614823]",ds_5_T,Networking,rate,T
2024-06-01 00:13:00,"[-0.15462454 -0.18224025 -0.22025131 ...  2.17879116  1.53766884
  0.54627814]",ds_5_T,Networking,rate,T
2024-06-01 00:14:00,"[ 0.3624024  -0.95481782 -0.44578438 ... -1.08055571 -0.24168051
 -0.24084665]",ds_5_T,Networking,rate,T
2024-06-01 00:15:00,"[ 1.09262771 -0.57920447 -1.90937212 ... -1.41047788 -0.16577016
 -0.48851733]",ds_5_T,Networking,rate,T
2024-06-01 00:16:00,"[-0.18730737 -0.18730737 -0.18730737 ... -0.18730737 -0.03309989
 -0.00107218]",ds_5_T,Networking,rate,T
2024-06-01 00:17:00,"[-0.00889519 -0.00889519 -0.00889519 ... -0.00889519 -0.00889519
 -0.00889519]",ds_5_T,Networking,rate,T
2024-06-01 00:18:00,"[ 0.38782802  0.59834599 -0.01099774 ... -0.23585558  0.6241567
  0.32915541]",ds_5_T,Networking,rate,T
2024-06-01 00:19:00,"[ 0.57135334 -1.56196165  0.86976485 ... -0.26877802 -0.43808343
 -0.05470622]",ds_5_T,Networking,rate,T
2024-09-22 18:45:00,"[-0.05783019 -0.05969552 -0.06100179 ... -0.17013967 -0.17175683
 -0.17340399]",ds_8_5T,Application Usage,gauge,5T
2024-09-22 18:50:00,"[ 0.27896609  0.24630006  0.2124593  ... -0.05205906 -0.08464965
 -0.11685226]",ds_8_5T,Application Usage,gauge,5T
2024-09-22 18:55:00,"[-0.19302993 -0.2011367  -0.20969964 ... -0.2472161   1.06372215
 -0.26356704]",ds_8_5T,Application Usage,gauge,5T
2024-09-22 19:00:00,[0.12178387 0.11797162 0.11411921 ... 0.19684085 0.22458479 0.19709594],ds_8_5T,Application Usage,gauge,5T
2024-09-22 19:05:00,[0.191963   0.19784715 0.19637724 ... 0.2538833  0.25171875 0.25180614],ds_8_5T,Application Usage,gauge,5T
2024-09-22 19:10:00,"[-0.51298402 -0.54107119 -0.56978169 ... -0.38277627 -0.41112788
 -0.43940394]",ds_8_5T,Application Usage,gauge,5T
2024-09-22 19:15:00,"[-0.51437462 -0.54252124 -0.57098803 ... -0.37961172 -0.40773009
 -0.43600855]",ds_8_5T,Application Usage,gauge,5T
2024-09-22 19:20:00,"[-0.55829341 -0.58661995 -0.61523119 ... -0.40793022 -0.43644656
 -0.46485851]",ds_8_5T,Application Usage,gauge,5T
2024-09-22 19:25:00,[0.96667239 0.27383012 0.94927096 ... 0.07174447 0.74634175 0.05494152],ds_8_5T,Application Usage,gauge,5T
2024-09-22 19:30:00,"[-0.0597208  -0.06127109 -0.06308112 ... -0.09124054 -0.09289746
 -0.09454891]",ds_8_5T,Application Usage,gauge,5T
2024-09-22 19:35:00,"[-0.54982082 -0.57795697 -0.60660486 ... -0.39377843 -0.42270114
 -0.45085625]",ds_8_5T,Application Usage,gauge,5T
2024-09-22 19:40:00,"[-0.45018453  0.00553375 -0.14662402 ...  0.03970746  0.03000987
 -0.01317977]",ds_8_5T,Application Usage,gauge,5T
2024-09-22 19:45:00,[0.26713613 0.23435744 0.19957914 ... 0.25653601 0.2243701  0.19208594],ds_8_5T,Application Usage,gauge,5T
2024-09-22 19:50:00,"[-0.1666817  -0.16837217 -0.17007687 ... -0.11000551 -0.11158498
 -0.11317015]",ds_8_5T,Application Usage,gauge,5T
2024-09-22 19:55:00,"[-0.13094904 -0.06593475 -0.06848415 ...  0.2041998   0.20273912
  0.2013374 ]",ds_8_5T,Application Usage,gauge,5T
2024-09-22 20:00:00,"[-0.6071394  -0.14618071  0.53485325 ...  0.17910409  0.17650593
  0.17757401]",ds_8_5T,Application Usage,gauge,5T
2024-09-22 20:05:00,"[-0.39917931 -0.43175404 -0.46407015 ...  0.24331766  0.21092612
  0.17914878]",ds_8_5T,Application Usage,gauge,5T
2024-07-03 05:41:30,"[ 0.18741911 -0.45172472 -0.50652574 ...  1.03527391 -1.74052685
 -0.36281004]",ds_54_10S,Infrastructure,count,10S
2024-07-03 05:41:40,"[ 0.31412526  1.76181602  1.64049801 ... -1.68354944 -1.37975921
 -1.07596899]",ds_54_10S,Infrastructure,count,10S
2024-07-03 05:41:50,"[-1.2479416  -0.60843388  0.03107384 ...  1.55896258  1.69606299
  1.69586051]",ds_54_10S,Infrastructure,count,10S
2024-07-03 05:42:00,"[ 1.44357128  1.47932338  1.51507548 ... -0.2100567  -0.20424545
  1.05169653]",ds_54_10S,Infrastructure,count,10S
2024-11-18 16:05:00,-0.36856960222705304,ds_81_5T,Database,distribution,5T
2024-11-18 16:10:00,-0.3683481107170257,ds_81_5T,Database,distribution,5T
2024-11-18 16:15:00,-0.35840269410403214,ds_81_5T,Database,distribution,5T
2024-11-18 16:20:00,-0.36892018733918974,ds_81_5T,Database,distribution,5T
2024-11-18 16:25:00,-0.3675421346183353,ds_81_5T,Database,distribution,5T
2024-11-18 16:30:00,-0.3689095577530718,ds_81_5T,Database,distribution,5T
2024-11-18 16:35:00,-0.3694832946099888,ds_81_5T,Database,distribution,5T
2024-11-18 16:40:00,-0.3703912517285164,ds_81_5T,Database,distribution,5T
2024-11-18 16:45:00,-0.3683515134237748,ds_81_5T,Database,distribution,5T
2024-11-18 16:50:00,-0.35657134392589224,ds_81_5T,Database,distribution,5T
2024-11-18 16:55:00,-0.3659222856741793,ds_81_5T,Database,distribution,5T
2024-11-18 17:00:00,-0.3687950730902512,ds_81_5T,Database,distribution,5T
2024-11-18 17:05:00,-0.366528246575196,ds_81_5T,Database,distribution,5T
2024-11-18 17:10:00,-0.36398453345869386,ds_81_5T,Database,distribution,5T
2024-11-18 17:15:00,-0.36852404152703966,ds_81_5T,Database,distribution,5T
2024-11-18 17:20:00,-0.36541946632912786,ds_81_5T,Database,distribution,5T
2024-11-18 17:25:00,-0.3681914438403829,ds_81_5T,Database,distribution,5T
2024-11-18 17:30:00,-0.3681057654474729,ds_81_5T,Database,distribution,5T
2024-11-18 17:35:00,-0.370359687038939,ds_81_5T,Database,distribution,5T
2024-11-18 17:40:00,-0.368916570449484,ds_81_5T,Database,distribution,5T
2024-11-18 17:45:00,-0.3700638500116075,ds_81_5T,Database,distribution,5T
2024-11-18 17:50:00,-0.3655168791598836,ds_81_5T,Database,distribution,5T
2024-11-18 17:55:00,-0.37035204235934716,ds_81_5T,Database,distribution,5T
2024-11-18 18:00:00,-0.3683694476203543,ds_81_5T,Database,distribution,5T
2024-11-18 18:05:00,-0.35078257201038704,ds_81_5T,Database,distribution,5T
2024-11-18 18:10:00,-0.3684810789043115,ds_81_5T,Database,distribution,5T
2024-11-18 18:15:00,-0.36951508036056285,ds_81_5T,Database,distribution,5T
2024-11-18 18:20:00,-0.3676732762657583,ds_81_5T,Database,distribution,5T
2024-11-18 18:25:00,-0.36843536358701573,ds_81_5T,Database,distribution,5T
2024-11-18 18:30:00,-0.3685511389802643,ds_81_5T,Database,distribution,5T
2024-11-18 18:35:00,-0.36582727293172973,ds_81_5T,Database,distribution,5T
2024-11-18 18:40:00,-0.30232830052590043,ds_81_5T,Database,distribution,5T
2024-11-18 18:45:00,-0.27474311285758446,ds_81_5T,Database,distribution,5T
2024-11-18 18:50:00,-0.2744159753577426,ds_81_5T,Database,distribution,5T
2024-11-18 18:55:00,-0.27520161365111745,ds_81_5T,Database,distribution,5T
2024-11-18 19:00:00,-0.1990553880260635,ds_81_5T,Database,distribution,5T
2024-11-18 19:05:00,-0.22938104057001416,ds_81_5T,Database,distribution,5T
2024-11-18 19:10:00,-0.19263432211206238,ds_81_5T,Database,distribution,5T
2024-11-18 19:15:00,-0.21180563043704637,ds_81_5T,Database,distribution,5T
2024-11-18 19:20:00,-0.17147628816680957,ds_81_5T,Database,distribution,5T
2024-11-18 19:25:00,-0.2432459513573418,ds_81_5T,Database,distribution,5T
2024-11-18 19:30:00,-0.23628109223683477,ds_81_5T,Database,distribution,5T
2024-11-18 19:35:00,-0.2719815727169734,ds_81_5T,Database,distribution,5T
2024-11-18 19:40:00,-0.22314143732879507,ds_81_5T,Database,distribution,5T
2024-11-18 19:45:00,-0.2518019411628424,ds_81_5T,Database,distribution,5T
2024-11-18 19:50:00,-0.26212645977854343,ds_81_5T,Database,distribution,5T
2024-11-18 19:55:00,-0.22458557739083973,ds_81_5T,Database,distribution,5T
2024-11-18 20:00:00,-0.24854758138797545,ds_81_5T,Database,distribution,5T
2024-11-18 20:05:00,-0.19346705868842504,ds_81_5T,Database,distribution,5T
2024-11-18 20:10:00,-0.21087757976943253,ds_81_5T,Database,distribution,5T
2024-11-18 20:15:00,-0.1780500404777451,ds_81_5T,Database,distribution,5T
2024-11-18 20:20:00,-0.041464461050535514,ds_81_5T,Database,distribution,5T
2024-11-18 20:25:00,0.015690323745108523,ds_81_5T,Database,distribution,5T
2024-11-18 20:30:00,0.39938873382161466,ds_81_5T,Database,distribution,5T
2024-11-18 20:35:00,-0.17809113656852663,ds_81_5T,Database,distribution,5T
2024-11-18 20:40:00,-0.14262407467418667,ds_81_5T,Database,distribution,5T
2024-11-18 20:45:00,-0.20608727162620702,ds_81_5T,Database,distribution,5T
2024-11-18 20:50:00,-0.23675978058373415,ds_81_5T,Database,distribution,5T
2024-11-18 20:55:00,-0.25528855693672925,ds_81_5T,Database,distribution,5T
2024-11-18 21:00:00,-0.090434941342436,ds_81_5T,Database,distribution,5T
2024-11-18 21:05:00,-0.1797144682035996,ds_81_5T,Database,distribution,5T
2024-11-18 21:10:00,-0.180630929052629,ds_81_5T,Database,distribution,5T
2024-11-18 21:15:00,-0.11210970455546294,ds_81_5T,Database,distribution,5T
2024-11-18 21:20:00,-0.12711567173532146,ds_81_5T,Database,distribution,5T
2024-11-18 21:25:00,-0.18684094491094552,ds_81_5T,Database,distribution,5T
2024-11-18 21:30:00,-0.04246075285836817,ds_81_5T,Database,distribution,5T
2024-11-18 21:35:00,-0.1302246631013493,ds_81_5T,Database,distribution,5T
2024-11-18 21:40:00,-0.16540307903175266,ds_81_5T,Database,distribution,5T
2024-11-18 21:45:00,-0.12282185123270005,ds_81_5T,Database,distribution,5T
2024-11-18 21:50:00,-0.15883824889842105,ds_81_5T,Database,distribution,5T
2024-11-18 21:55:00,-0.15669633146164827,ds_81_5T,Database,distribution,5T
2024-11-18 22:00:00,-0.14919200503892813,ds_81_5T,Database,distribution,5T
2024-11-18 22:05:00,-0.15398114158307433,ds_81_5T,Database,distribution,5T
2024-11-18 22:10:00,-0.1545751783654809,ds_81_5T,Database,distribution,5T
2024-11-18 22:15:00,-0.2023321884294493,ds_81_5T,Database,distribution,5T
2024-11-18 22:20:00,-0.26958096620349153,ds_81_5T,Database,distribution,5T
2024-11-18 22:25:00,-0.2816834404958311,ds_81_5T,Database,distribution,5T
2024-11-18 22:30:00,-0.11721933653390144,ds_81_5T,Database,distribution,5T
2024-11-18 22:35:00,-0.31368145609632336,ds_81_5T,Database,distribution,5T
2024-11-18 22:40:00,-0.29911061180221554,ds_81_5T,Database,distribution,5T
2024-11-18 22:45:00,-0.306724703540215,ds_81_5T,Database,distribution,5T
2024-11-18 22:50:00,-0.2997198973972542,ds_81_5T,Database,distribution,5T
2024-11-18 22:55:00,-0.3057306287583324,ds_81_5T,Database,distribution,5T
2024-11-18 23:00:00,-0.26498103389835137,ds_81_5T,Database,distribution,5T
2024-11-18 23:05:00,-0.2899549660448781,ds_81_5T,Database,distribution,5T
2024-11-18 23:10:00,-0.2687844050017774,ds_81_5T,Database,distribution,5T
2024-11-18 23:15:00,-0.2854389833199199,ds_81_5T,Database,distribution,5T
2024-11-18 23:20:00,-0.30787938202511783,ds_81_5T,Database,distribution,5T
2024-11-18 23:25:00,-0.30032624948844433,ds_81_5T,Database,distribution,5T
2024-11-18 23:30:00,-0.23217653905932367,ds_81_5T,Database,distribution,5T
2024-11-18 23:35:00,-0.22954072051222188,ds_81_5T,Database,distribution,5T
2024-11-18 23:40:00,-0.25353315904851753,ds_81_5T,Database,distribution,5T
2024-11-18 23:45:00,-0.2864274614631237,ds_81_5T,Database,distribution,5T
2024-11-18 23:50:00,-0.28812798345292123,ds_81_5T,Database,distribution,5T
2024-11-18 23:55:00,-0.2692957449137867,ds_81_5T,Database,distribution,5T
2024-11-19 00:00:00,-0.2361224396968966,ds_81_5T,Database,distribution,5T
2024-11-19 00:05:00,-0.2710065048770772,ds_81_5T,Database,distribution,5T
2024-11-19 00:10:00,-0.2574896130901047,ds_81_5T,Database,distribution,5T
2024-11-19 00:15:00,-0.2524619840349165,ds_81_5T,Database,distribution,5T
2024-11-19 00:20:00,-0.1527516655092589,ds_81_5T,Database,distribution,5T
2024-11-19 00:25:00,-0.23898916239792684,ds_81_5T,Database,distribution,5T
2024-11-19 00:30:00,-0.24545776819764564,ds_81_5T,Database,distribution,5T
2024-11-19 00:35:00,-0.2225620184979779,ds_81_5T,Database,distribution,5T
2024-11-19 00:40:00,-0.22492325027009466,ds_81_5T,Database,distribution,5T
2024-11-19 00:45:00,-0.21500732232714853,ds_81_5T,Database,distribution,5T
2024-11-19 00:50:00,-0.21766317521850634,ds_81_5T,Database,distribution,5T
2024-11-19 00:55:00,-0.21796701592127138,ds_81_5T,Database,distribution,5T
2024-11-19 01:00:00,-0.08462543212322726,ds_81_5T,Database,distribution,5T
2024-11-19 01:05:00,0.09802201572161735,ds_81_5T,Database,distribution,5T
2024-11-19 01:10:00,-0.08347216406336988,ds_81_5T,Database,distribution,5T
2024-11-19 01:15:00,-0.0680700161486964,ds_81_5T,Database,distribution,5T
2024-11-19 01:20:00,0.005375132860538829,ds_81_5T,Database,distribution,5T
2024-11-19 01:25:00,0.06259303980965521,ds_81_5T,Database,distribution,5T
2024-11-19 01:30:00,0.07505186046811357,ds_81_5T,Database,distribution,5T
2024-11-19 01:35:00,0.0999302442035732,ds_81_5T,Database,distribution,5T
2024-11-19 01:40:00,0.018521339711121996,ds_81_5T,Database,distribution,5T
2024-11-19 01:45:00,0.04674271018564716,ds_81_5T,Database,distribution,5T
2024-11-19 01:50:00,0.07198547925936973,ds_81_5T,Database,distribution,5T
2024-11-19 01:55:00,0.06154198926331628,ds_81_5T,Database,distribution,5T
2024-11-19 02:00:00,0.07018954404301428,ds_81_5T,Database,distribution,5T
2024-11-19 02:05:00,0.15991492743995508,ds_81_5T,Database,distribution,5T
2024-11-19 02:10:00,0.05940722759322783,ds_81_5T,Database,distribution,5T
2024-11-19 02:15:00,0.09911852431223304,ds_81_5T,Database,distribution,5T
2024-11-19 02:20:00,0.6832577458445034,ds_81_5T,Database,distribution,5T
2024-11-19 02:25:00,1.7424958591399975,ds_81_5T,Database,distribution,5T
2024-11-19 02:30:00,2.0332397424618027,ds_81_5T,Database,distribution,5T
2024-11-19 02:35:00,1.4078100167992404,ds_81_5T,Database,distribution,5T
2024-11-19 02:40:00,-0.12808056468782894,ds_81_5T,Database,distribution,5T
2024-11-19 02:45:00,-0.2267846147888786,ds_81_5T,Database,distribution,5T
2024-11-19 02:50:00,-0.3010914568963364,ds_81_5T,Database,distribution,5T
2024-11-19 02:55:00,-0.29664337735032414,ds_81_5T,Database,distribution,5T
2024-11-19 03:00:00,-0.3151063233535136,ds_81_5T,Database,distribution,5T
2024-11-19 03:05:00,-0.27175874358439145,ds_81_5T,Database,distribution,5T
2024-11-19 03:10:00,-0.29086786703516654,ds_81_5T,Database,distribution,5T
2024-11-19 03:15:00,-0.26347120317716055,ds_81_5T,Database,distribution,5T
2024-11-19 03:20:00,-0.3261759158975439,ds_81_5T,Database,distribution,5T
2024-11-19 03:25:00,-0.31382584216439596,ds_81_5T,Database,distribution,5T
2024-11-19 03:30:00,-0.3100273106663975,ds_81_5T,Database,distribution,5T
2024-11-19 03:35:00,-0.33250139735127554,ds_81_5T,Database,distribution,5T
2024-11-19 03:40:00,-0.2951915227589573,ds_81_5T,Database,distribution,5T
2024-11-19 03:45:00,-0.31932321485812815,ds_81_5T,Database,distribution,5T
2024-11-19 03:50:00,-0.30258370912518745,ds_81_5T,Database,distribution,5T
2024-11-19 03:55:00,-0.29754362507055615,ds_81_5T,Database,distribution,5T
2024-11-19 04:00:00,-0.2998790996875296,ds_81_5T,Database,distribution,5T
2024-11-19 04:05:00,-0.2961473808801033,ds_81_5T,Database,distribution,5T
2024-11-19 04:10:00,-0.26149035357688943,ds_81_5T,Database,distribution,5T
2024-11-19 04:15:00,-0.20919723632070075,ds_81_5T,Database,distribution,5T
2024-11-19 04:20:00,-0.12648080923115165,ds_81_5T,Database,distribution,5T
2024-11-19 04:25:00,-0.12600025533802603,ds_81_5T,Database,distribution,5T
2024-11-19 04:30:00,-0.22801875022210938,ds_81_5T,Database,distribution,5T
2024-11-19 04:35:00,-0.26727447514527986,ds_81_5T,Database,distribution,5T
2024-11-19 04:40:00,-0.3321894365656609,ds_81_5T,Database,distribution,5T
2024-11-19 04:45:00,-0.30887517815641696,ds_81_5T,Database,distribution,5T
2024-11-19 04:50:00,-0.34478002156518756,ds_81_5T,Database,distribution,5T
2024-11-19 04:55:00,-0.346889445152111,ds_81_5T,Database,distribution,5T
2024-11-19 05:00:00,-0.15861351817041044,ds_81_5T,Database,distribution,5T
2024-11-19 05:05:00,-0.1221246776821128,ds_81_5T,Database,distribution,5T
2024-11-19 05:10:00,-0.12043595279381375,ds_81_5T,Database,distribution,5T
2024-11-19 05:15:00,-0.22940227355025128,ds_81_5T,Database,distribution,5T
2024-11-19 05:20:00,-0.1556813481423505,ds_81_5T,Database,distribution,5T
2024-11-19 05:25:00,-0.21825977149428616,ds_81_5T,Database,distribution,5T
2024-11-19 05:30:00,-0.1834734266896196,ds_81_5T,Database,distribution,5T
2024-11-19 05:35:00,-0.0013745035091011477,ds_81_5T,Database,distribution,5T
2024-11-19 05:40:00,-0.1227292949054355,ds_81_5T,Database,distribution,5T
2024-11-19 05:45:00,-0.2582786760577114,ds_81_5T,Database,distribution,5T
2024-11-19 05:50:00,-0.2695875091337344,ds_81_5T,Database,distribution,5T
2024-11-19 05:55:00,-0.15974703126733075,ds_81_5T,Database,distribution,5T
2024-11-19 06:00:00,-0.23168459361822702,ds_81_5T,Database,distribution,5T
2024-11-19 06:05:00,-0.30309304830646133,ds_81_5T,Database,distribution,5T
2024-11-19 06:10:00,-0.3219077173655567,ds_81_5T,Database,distribution,5T
2024-11-19 06:15:00,-0.32429736492149674,ds_81_5T,Database,distribution,5T
2024-11-19 06:20:00,-0.3098187480056812,ds_81_5T,Database,distribution,5T
2024-11-19 06:25:00,-0.32883169669049683,ds_81_5T,Database,distribution,5T
2024-11-19 06:30:00,-0.28672781440555273,ds_81_5T,Database,distribution,5T
2024-11-19 06:35:00,-0.3102340979038936,ds_81_5T,Database,distribution,5T
2024-11-19 06:40:00,-0.10617079672409602,ds_81_5T,Database,distribution,5T
2024-11-19 06:45:00,0.1464802548714475,ds_81_5T,Database,distribution,5T
2024-11-19 06:50:00,-0.3093437366774307,ds_81_5T,Database,distribution,5T
2024-11-19 06:55:00,-0.324763138641622,ds_81_5T,Database,distribution,5T
2024-11-19 07:00:00,-0.32940212575145555,ds_81_5T,Database,distribution,5T
2024-11-19 07:05:00,-0.29427074952408605,ds_81_5T,Database,distribution,5T
2024-11-19 07:10:00,-0.3074522620623088,ds_81_5T,Database,distribution,5T
2024-11-19 07:15:00,-0.3115690764747998,ds_81_5T,Database,distribution,5T
2024-11-19 07:20:00,-0.31945643017959463,ds_81_5T,Database,distribution,5T
2024-11-19 07:25:00,-0.30213513988692664,ds_81_5T,Database,distribution,5T
2024-11-19 07:30:00,-0.2996935769733228,ds_81_5T,Database,distribution,5T
2024-11-19 07:35:00,-0.31409967641228004,ds_81_5T,Database,distribution,5T
2024-11-19 07:40:00,-0.25423393751934875,ds_81_5T,Database,distribution,5T
2024-11-19 07:45:00,-0.17207274024577962,ds_81_5T,Database,distribution,5T
2024-11-19 07:50:00,-0.2825450164341457,ds_81_5T,Database,distribution,5T
2024-11-19 07:55:00,-0.2980522342554807,ds_81_5T,Database,distribution,5T
2024-11-19 08:00:00,-0.324471739419849,ds_81_5T,Database,distribution,5T
2024-11-19 08:05:00,-0.3086703060328005,ds_81_5T,Database,distribution,5T
2024-11-19 08:10:00,-0.30898925135138783,ds_81_5T,Database,distribution,5T
2024-11-19 08:15:00,-0.3065538393329503,ds_81_5T,Database,distribution,5T
2024-11-19 08:20:00,-0.282448143214889,ds_81_5T,Database,distribution,5T
2024-11-19 08:25:00,-0.2326039203788504,ds_81_5T,Database,distribution,5T
2024-11-19 08:30:00,-0.3197934767039572,ds_81_5T,Database,distribution,5T
2024-11-19 08:35:00,-0.33364806615401127,ds_81_5T,Database,distribution,5T
2024-11-19 08:40:00,-0.3133687202528563,ds_81_5T,Database,distribution,5T
2024-09-22 18:45:00,-0.5693142414093018,ds_84_5T,Application Usage,distribution,5T
2024-09-22 18:50:00,-0.7384018898010254,ds_84_5T,Application Usage,distribution,5T
2024-09-22 18:55:00,-0.40985336899757385,ds_84_5T,Application Usage,distribution,5T
2024-09-22 19:00:00,-0.7028473615646362,ds_84_5T,Application Usage,distribution,5T
2024-09-22 19:05:00,-0.5810465812683105,ds_84_5T,Application Usage,distribution,5T
2024-09-22 19:10:00,-0.6121712923049927,ds_84_5T,Application Usage,distribution,5T
2024-09-22 19:15:00,-0.5539851188659668,ds_84_5T,Application Usage,distribution,5T
2024-09-22 19:20:00,-0.6795443296432495,ds_84_5T,Application Usage,distribution,5T
2024-09-22 19:25:00,-0.7177402377128601,ds_84_5T,Application Usage,distribution,5T
2024-09-22 19:30:00,-0.5434848070144653,ds_84_5T,Application Usage,distribution,5T
2024-09-22 19:35:00,-0.6838161945343018,ds_84_5T,Application Usage,distribution,5T
2024-09-22 19:40:00,-0.1534537374973297,ds_84_5T,Application Usage,distribution,5T
2024-09-22 19:45:00,-0.7492325901985168,ds_84_5T,Application Usage,distribution,5T
2024-09-22 19:50:00,-0.6728177666664124,ds_84_5T,Application Usage,distribution,5T
2024-09-22 19:55:00,-0.7904708385467529,ds_84_5T,Application Usage,distribution,5T
2024-09-22 20:00:00,-0.784828782081604,ds_84_5T,Application Usage,distribution,5T
2024-09-22 20:05:00,-0.6636257171630859,ds_84_5T,Application Usage,distribution,5T
2024-09-22 20:10:00,-0.4500214159488678,ds_84_5T,Application Usage,distribution,5T
2024-09-22 20:15:00,-0.7857517004013062,ds_84_5T,Application Usage,distribution,5T
2024-09-22 20:20:00,-0.2581426203250885,ds_84_5T,Application Usage,distribution,5T
2024-09-22 20:25:00,-0.5224742889404297,ds_84_5T,Application Usage,distribution,5T
2024-09-22 20:30:00,-0.7493429183959961,ds_84_5T,Application Usage,distribution,5T
2024-09-22 20:35:00,-0.3746168613433838,ds_84_5T,Application Usage,distribution,5T
2024-09-22 20:40:00,-0.2678010165691376,ds_84_5T,Application Usage,distribution,5T
2024-09-22 20:45:00,-0.6141206622123718,ds_84_5T,Application Usage,distribution,5T
2024-09-22 20:50:00,-0.7768175005912781,ds_84_5T,Application Usage,distribution,5T
2024-09-22 20:55:00,-0.36178094148635864,ds_84_5T,Application Usage,distribution,5T
2024-09-22 21:00:00,-0.36774468421936035,ds_84_5T,Application Usage,distribution,5T
2024-09-22 21:05:00,-0.6202336549758911,ds_84_5T,Application Usage,distribution,5T
2024-09-22 21:10:00,-0.676950216293335,ds_84_5T,Application Usage,distribution,5T
2024-09-22 21:15:00,-0.8491193652153015,ds_84_5T,Application Usage,distribution,5T
2024-09-22 21:20:00,-0.48160940408706665,ds_84_5T,Application Usage,distribution,5T
2024-09-22 21:25:00,-0.5677828788757324,ds_84_5T,Application Usage,distribution,5T
2024-09-22 21:30:00,-0.3926948308944702,ds_84_5T,Application Usage,distribution,5T
2024-09-22 21:35:00,-0.49296697974205017,ds_84_5T,Application Usage,distribution,5T
2024-09-22 21:40:00,-0.5538533926010132,ds_84_5T,Application Usage,distribution,5T
2024-09-22 21:45:00,-0.7934418320655823,ds_84_5T,Application Usage,distribution,5T
2024-09-22 21:50:00,-0.5605378746986389,ds_84_5T,Application Usage,distribution,5T
2024-09-22 21:55:00,-0.5061375498771667,ds_84_5T,Application Usage,distribution,5T
2024-09-22 22:00:00,-0.6361520886421204,ds_84_5T,Application Usage,distribution,5T
2024-09-22 22:05:00,-0.5227392911911011,ds_84_5T,Application Usage,distribution,5T
2024-09-22 22:10:00,-0.6471375823020935,ds_84_5T,Application Usage,distribution,5T
2024-09-22 22:15:00,-0.9048545360565186,ds_84_5T,Application Usage,distribution,5T
2024-09-22 22:20:00,-0.6419277787208557,ds_84_5T,Application Usage,distribution,5T
2024-09-22 22:25:00,-0.6156913638114929,ds_84_5T,Application Usage,distribution,5T
2024-09-22 22:30:00,-0.8091109991073608,ds_84_5T,Application Usage,distribution,5T
2024-09-22 22:35:00,-0.6513234972953796,ds_84_5T,Application Usage,distribution,5T
2024-09-22 22:40:00,-0.5122932195663452,ds_84_5T,Application Usage,distribution,5T
2024-09-22 22:45:00,-0.3446328043937683,ds_84_5T,Application Usage,distribution,5T
2024-09-22 22:50:00,-0.671649158000946,ds_84_5T,Application Usage,distribution,5T
2024-09-22 22:55:00,-0.6332929730415344,ds_84_5T,Application Usage,distribution,5T
2024-09-22 23:00:00,-0.8331483006477356,ds_84_5T,Application Usage,distribution,5T
2024-09-22 23:05:00,-0.5673998594284058,ds_84_5T,Application Usage,distribution,5T
2024-09-22 23:10:00,-0.6776225566864014,ds_84_5T,Application Usage,distribution,5T
2024-09-22 23:15:00,-0.9572029709815979,ds_84_5T,Application Usage,distribution,5T
2024-09-22 23:20:00,-0.6126452088356018,ds_84_5T,Application Usage,distribution,5T
2024-09-22 23:25:00,-0.6609571576118469,ds_84_5T,Application Usage,distribution,5T
2024-09-22 23:30:00,-0.5517609119415283,ds_84_5T,Application Usage,distribution,5T
2024-09-22 23:35:00,-0.658048689365387,ds_84_5T,Application Usage,distribution,5T
2024-09-22 23:40:00,-0.4703461229801178,ds_84_5T,Application Usage,distribution,5T
2024-09-22 23:45:00,-0.8438003659248352,ds_84_5T,Application Usage,distribution,5T
2024-09-22 23:50:00,-0.47804802656173706,ds_84_5T,Application Usage,distribution,5T
2024-09-22 23:55:00,-0.37415608763694763,ds_84_5T,Application Usage,distribution,5T
2024-09-23 00:00:00,-0.3987957239151001,ds_84_5T,Application Usage,distribution,5T
2024-09-23 00:05:00,-0.6073931455612183,ds_84_5T,Application Usage,distribution,5T
2024-09-23 00:10:00,-0.5890142917633057,ds_84_5T,Application Usage,distribution,5T
2024-09-23 00:15:00,-0.707642674446106,ds_84_5T,Application Usage,distribution,5T
2024-09-23 00:20:00,-0.822175920009613,ds_84_5T,Application Usage,distribution,5T
2024-09-23 00:25:00,-0.26378506422042847,ds_84_5T,Application Usage,distribution,5T
2024-09-23 00:30:00,-0.6546694040298462,ds_84_5T,Application Usage,distribution,5T
2024-09-23 00:35:00,-0.31525665521621704,ds_84_5T,Application Usage,distribution,5T
2024-09-23 00:40:00,-0.5170598030090332,ds_84_5T,Application Usage,distribution,5T
2024-09-23 00:45:00,-0.8952898979187012,ds_84_5T,Application Usage,distribution,5T
2024-09-23 00:50:00,-0.6613500714302063,ds_84_5T,Application Usage,distribution,5T
2024-09-23 00:55:00,-0.45020365715026855,ds_84_5T,Application Usage,distribution,5T
2024-09-23 01:00:00,-0.3454737067222595,ds_84_5T,Application Usage,distribution,5T
2024-09-23 01:05:00,-0.5952376127243042,ds_84_5T,Application Usage,distribution,5T
2024-09-23 01:10:00,-0.6068897247314453,ds_84_5T,Application Usage,distribution,5T
2024-09-23 01:15:00,-0.5260307788848877,ds_84_5T,Application Usage,distribution,5T
2024-09-23 01:20:00,-0.7030429244041443,ds_84_5T,Application Usage,distribution,5T
2024-09-23 01:25:00,-0.5243119597434998,ds_84_5T,Application Usage,distribution,5T
2024-09-23 01:30:00,-0.7498204112052917,ds_84_5T,Application Usage,distribution,5T
2024-09-23 01:35:00,-0.6278140544891357,ds_84_5T,Application Usage,distribution,5T
2024-09-23 01:40:00,-0.6352081894874573,ds_84_5T,Application Usage,distribution,5T
2024-09-23 01:45:00,-0.7352583408355713,ds_84_5T,Application Usage,distribution,5T
2024-09-23 01:50:00,-0.6478546857833862,ds_84_5T,Application Usage,distribution,5T
2024-09-23 01:55:00,-0.7063117027282715,ds_84_5T,Application Usage,distribution,5T
2024-09-23 02:00:00,-0.5934088230133057,ds_84_5T,Application Usage,distribution,5T
2024-09-23 02:05:00,-0.5480643510818481,ds_84_5T,Application Usage,distribution,5T
2024-09-23 02:10:00,-0.5873104333877563,ds_84_5T,Application Usage,distribution,5T
2024-09-23 02:15:00,-0.8250872492790222,ds_84_5T,Application Usage,distribution,5T
2024-09-23 02:20:00,-0.2367713898420334,ds_84_5T,Application Usage,distribution,5T
2024-09-23 02:25:00,-0.6250892281532288,ds_84_5T,Application Usage,distribution,5T
2024-09-23 02:30:00,-0.6971914172172546,ds_84_5T,Application Usage,distribution,5T
2024-09-23 02:35:00,-0.7768510580062866,ds_84_5T,Application Usage,distribution,5T
2024-09-23 02:40:00,-0.7208327651023865,ds_84_5T,Application Usage,distribution,5T
2024-09-23 02:45:00,-0.8083715438842773,ds_84_5T,Application Usage,distribution,5T
2024-09-23 02:50:00,-0.9149131774902344,ds_84_5T,Application Usage,distribution,5T
2024-09-23 02:55:00,-0.7573562860488892,ds_84_5T,Application Usage,distribution,5T
2024-09-23 03:00:00,-0.69835364818573,ds_84_5T,Application Usage,distribution,5T
2024-09-23 03:05:00,-0.5668314695358276,ds_84_5T,Application Usage,distribution,5T
2024-09-23 03:10:00,-0.6937595009803772,ds_84_5T,Application Usage,distribution,5T
2024-09-23 03:15:00,-0.7537069916725159,ds_84_5T,Application Usage,distribution,5T
2024-09-23 03:20:00,-0.92409747838974,ds_84_5T,Application Usage,distribution,5T
2024-09-23 03:25:00,-0.7826250195503235,ds_84_5T,Application Usage,distribution,5T
2024-09-23 03:30:00,-0.5714070796966553,ds_84_5T,Application Usage,distribution,5T
2024-09-23 03:35:00,-0.4905761480331421,ds_84_5T,Application Usage,distribution,5T
2024-09-23 03:40:00,-0.5689742565155029,ds_84_5T,Application Usage,distribution,5T
2024-09-23 03:45:00,-0.5640307664871216,ds_84_5T,Application Usage,distribution,5T
2024-09-23 03:50:00,-0.7195106148719788,ds_84_5T,Application Usage,distribution,5T
2024-09-23 03:55:00,-0.4722476303577423,ds_84_5T,Application Usage,distribution,5T
2024-09-23 04:00:00,-0.6843870878219604,ds_84_5T,Application Usage,distribution,5T
2024-09-23 04:05:00,-0.8204367756843567,ds_84_5T,Application Usage,distribution,5T
2024-09-23 04:10:00,-0.7758710980415344,ds_84_5T,Application Usage,distribution,5T
2024-09-23 04:15:00,-0.7140917181968689,ds_84_5T,Application Usage,distribution,5T
2024-09-23 04:20:00,-0.7802949547767639,ds_84_5T,Application Usage,distribution,5T
2024-09-23 04:25:00,-0.6673005223274231,ds_84_5T,Application Usage,distribution,5T
2024-09-23 04:30:00,-0.8397456407546997,ds_84_5T,Application Usage,distribution,5T
2024-09-23 04:35:00,-0.6873210668563843,ds_84_5T,Application Usage,distribution,5T
2024-09-23 04:40:00,-0.530824601650238,ds_84_5T,Application Usage,distribution,5T
2024-09-23 04:45:00,-0.7963804006576538,ds_84_5T,Application Usage,distribution,5T
2024-09-23 04:50:00,-0.4845620393753052,ds_84_5T,Application Usage,distribution,5T
2024-09-23 04:55:00,-0.4208371639251709,ds_84_5T,Application Usage,distribution,5T
2024-09-23 05:00:00,-0.5219409465789795,ds_84_5T,Application Usage,distribution,5T
2024-09-23 05:05:00,-0.7178741097450256,ds_84_5T,Application Usage,distribution,5T
2024-09-23 05:10:00,-0.7118304967880249,ds_84_5T,Application Usage,distribution,5T
2024-09-23 05:15:00,-0.7041725516319275,ds_84_5T,Application Usage,distribution,5T
2024-09-23 05:20:00,-0.8173431158065796,ds_84_5T,Application Usage,distribution,5T
2024-09-23 05:25:00,-0.4494549334049225,ds_84_5T,Application Usage,distribution,5T
2024-09-23 05:30:00,0.20373784005641937,ds_84_5T,Application Usage,distribution,5T
2024-09-23 05:35:00,-0.3636726140975952,ds_84_5T,Application Usage,distribution,5T
2024-09-23 05:40:00,-0.6713128089904785,ds_84_5T,Application Usage,distribution,5T
2024-09-23 05:45:00,-0.3723624050617218,ds_84_5T,Application Usage,distribution,5T
2024-09-23 05:50:00,-0.8086705207824707,ds_84_5T,Application Usage,distribution,5T
2024-09-23 05:55:00,-0.37707191705703735,ds_84_5T,Application Usage,distribution,5T
2024-09-23 06:00:00,-0.542072057723999,ds_84_5T,Application Usage,distribution,5T
2024-09-23 06:05:00,-0.5223731994628906,ds_84_5T,Application Usage,distribution,5T
2024-09-23 06:10:00,-0.6274094581604004,ds_84_5T,Application Usage,distribution,5T
2024-09-23 06:15:00,-0.5866269469261169,ds_84_5T,Application Usage,distribution,5T
2024-09-23 06:20:00,-0.7592139840126038,ds_84_5T,Application Usage,distribution,5T
2024-09-23 06:25:00,-0.6967798471450806,ds_84_5T,Application Usage,distribution,5T
2024-09-23 06:30:00,-0.8234878182411194,ds_84_5T,Application Usage,distribution,5T
2024-09-23 06:35:00,-0.5894283652305603,ds_84_5T,Application Usage,distribution,5T
2024-09-23 06:40:00,-0.5186505913734436,ds_84_5T,Application Usage,distribution,5T
2024-09-23 06:45:00,-0.6173284649848938,ds_84_5T,Application Usage,distribution,5T
2024-09-23 06:50:00,-0.5706595182418823,ds_84_5T,Application Usage,distribution,5T
2024-09-23 06:55:00,-0.37094247341156006,ds_84_5T,Application Usage,distribution,5T
2024-09-23 07:00:00,-0.6026397943496704,ds_84_5T,Application Usage,distribution,5T
2024-09-23 07:05:00,-0.6434158086776733,ds_84_5T,Application Usage,distribution,5T
2024-09-23 07:10:00,-0.6315420866012573,ds_84_5T,Application Usage,distribution,5T
2024-09-23 07:15:00,-0.5807152390480042,ds_84_5T,Application Usage,distribution,5T
2024-09-23 07:20:00,-0.8176168203353882,ds_84_5T,Application Usage,distribution,5T
2024-09-23 07:25:00,-0.8469113707542419,ds_84_5T,Application Usage,distribution,5T
2024-09-23 07:30:00,-0.617997944355011,ds_84_5T,Application Usage,distribution,5T
2024-09-23 07:35:00,-0.4469522535800934,ds_84_5T,Application Usage,distribution,5T
2024-09-23 07:40:00,-0.3682120144367218,ds_84_5T,Application Usage,distribution,5T
2024-09-23 07:45:00,-0.46852579712867737,ds_84_5T,Application Usage,distribution,5T
2024-09-23 07:50:00,-0.7237948179244995,ds_84_5T,Application Usage,distribution,5T
2024-09-23 07:55:00,-0.558030366897583,ds_84_5T,Application Usage,distribution,5T
2024-09-23 08:00:00,-0.6244161128997803,ds_84_5T,Application Usage,distribution,5T
2024-09-23 08:05:00,-0.5212470293045044,ds_84_5T,Application Usage,distribution,5T
2024-09-23 08:10:00,-0.511877179145813,ds_84_5T,Application Usage,distribution,5T
2024-09-23 08:15:00,-0.6596205830574036,ds_84_5T,Application Usage,distribution,5T
2024-09-23 08:20:00,-0.623422384262085,ds_84_5T,Application Usage,distribution,5T
2024-09-23 08:25:00,-0.6674081087112427,ds_84_5T,Application Usage,distribution,5T
2024-09-23 08:30:00,-0.7933326363563538,ds_84_5T,Application Usage,distribution,5T
2024-09-23 08:35:00,-0.4000769555568695,ds_84_5T,Application Usage,distribution,5T
2024-09-23 08:40:00,-0.4492896497249603,ds_84_5T,Application Usage,distribution,5T
2024-09-23 08:45:00,-0.5121639966964722,ds_84_5T,Application Usage,distribution,5T
2024-09-23 08:50:00,-0.32879695296287537,ds_84_5T,Application Usage,distribution,5T
2024-09-23 08:55:00,-0.12107131630182266,ds_84_5T,Application Usage,distribution,5T
2024-09-23 09:00:00,-0.367928683757782,ds_84_5T,Application Usage,distribution,5T
2024-09-23 09:05:00,-0.701443076133728,ds_84_5T,Application Usage,distribution,5T
2024-09-23 09:10:00,-0.44474291801452637,ds_84_5T,Application Usage,distribution,5T
2024-09-23 09:15:00,-0.38164448738098145,ds_84_5T,Application Usage,distribution,5T
2024-09-23 09:20:00,-0.5090678334236145,ds_84_5T,Application Usage,distribution,5T
2024-09-23 09:25:00,-0.5146170854568481,ds_84_5T,Application Usage,distribution,5T
2024-09-23 09:30:00,-0.4679483473300934,ds_84_5T,Application Usage,distribution,5T
2024-09-23 09:35:00,-0.48600760102272034,ds_84_5T,Application Usage,distribution,5T
2024-09-23 09:40:00,-0.5734185576438904,ds_84_5T,Application Usage,distribution,5T
2024-09-23 09:45:00,-0.6766537427902222,ds_84_5T,Application Usage,distribution,5T
2024-09-23 09:50:00,-1.1734631061553955,ds_84_5T,Application Usage,distribution,5T
2024-09-23 09:55:00,-0.6661728024482727,ds_84_5T,Application Usage,distribution,5T
2024-09-23 10:00:00,-0.33062729239463806,ds_84_5T,Application Usage,distribution,5T
2024-09-23 10:05:00,-0.5142303705215454,ds_84_5T,Application Usage,distribution,5T
2024-09-23 10:10:00,-0.48289331793785095,ds_84_5T,Application Usage,distribution,5T
2024-09-23 10:15:00,-0.31999799609184265,ds_84_5T,Application Usage,distribution,5T
2024-09-23 10:20:00,-0.46885329484939575,ds_84_5T,Application Usage,distribution,5T
2024-09-23 10:25:00,-0.4378117322921753,ds_84_5T,Application Usage,distribution,5T
2024-09-23 10:30:00,-0.6553534865379333,ds_84_5T,Application Usage,distribution,5T
2024-09-23 10:35:00,-0.6328073143959045,ds_84_5T,Application Usage,distribution,5T
2024-09-23 10:40:00,-0.6776022911071777,ds_84_5T,Application Usage,distribution,5T
2024-09-23 10:45:00,-0.22373370826244354,ds_84_5T,Application Usage,distribution,5T
2024-09-23 10:50:00,-0.6599602103233337,ds_84_5T,Application Usage,distribution,5T
2024-09-23 10:55:00,-1.1598432064056396,ds_84_5T,Application Usage,distribution,5T
2024-09-23 11:00:00,-0.9905778765678406,ds_84_5T,Application Usage,distribution,5T
2024-09-23 11:05:00,-1.1819974184036255,ds_84_5T,Application Usage,distribution,5T
2024-09-23 11:10:00,-0.7540153861045837,ds_84_5T,Application Usage,distribution,5T
2024-09-23 11:15:00,-0.6052919626235962,ds_84_5T,Application Usage,distribution,5T
2024-09-23 11:20:00,-0.8668210506439209,ds_84_5T,Application Usage,distribution,5T
